timestamp,method,name,response_time_ms,response_length,failed,error
2026-05-16T16:37:51.730167,GET,/api/external/,107.73,74,0,
2026-05-16T16:37:51.898642,GET,/api/cache/1/,9.88,171,0,
2026-05-16T16:37:52.104559,GET,/api/cache/1/,14.42,171,0,
2026-05-16T16:37:52.140739,GET,/api/external/,107.57,74,0,
2026-05-16T16:37:53.150653,PUT,/api/articles/1/,904.47,171,0,
2026-05-16T16:37:53.183391,GET,/api/cache/1/,9.52,171,0,
2026-05-16T16:37:53.298596,GET,/api/cache/1/,15.61,171,0,
2026-05-16T16:37:53.487471,GET,/api/external/,107.42,74,0,
2026-05-16T16:37:53.514028,GET,/api/cache/1/,10.26,171,0,
2026-05-16T16:37:53.687476,PUT,/api/articles/1/,1127.8,171,0,
2026-05-16T16:37:53.832147,GET,/api/articles/1/,11.31,171,0,
2026-05-16T16:37:53.982891,GET,/api/articles/1/,11.19,171,0,
2026-05-16T16:37:54.396107,GET,/api/articles/1/,19.0,171,0,
2026-05-16T16:37:54.416390,GET,/api/articles/1/,10.81,171,0,
2026-05-16T16:37:54.859012,GET,/api/external/,111.48,74,0,
2026-05-16T16:37:55.088155,GET,/api/external/,112.38,74,0,
2026-05-16T16:37:55.271023,GET,/api/external/,119.29,74,0,
2026-05-16T16:37:55.305174,GET,/api/cache/1/,15.63,171,0,
2026-05-16T16:37:55.401868,GET,/api/articles/1/,17.18,171,0,
2026-05-16T16:37:55.587529,PUT,/api/articles/1/,1208.6,171,0,
2026-05-16T16:37:55.729654,PUT,/api/articles/1/,180.13,171,0,
2026-05-16T16:37:56.286833,POST,/api/queue/,26.4,68,0,
2026-05-16T16:37:56.631940,GET,/api/articles/1/,21.05,171,0,
2026-05-16T16:37:56.694732,GET,/api/articles/1/,19.27,171,0,
2026-05-16T16:37:56.703635,GET,/api/articles/1/,20.79,171,0,
2026-05-16T16:37:58.467368,GET,/api/cache/1/,12.12,171,0,
2026-05-16T16:37:58.580074,GET,/api/cache/1/,19.33,171,0,
2026-05-16T16:37:58.686213,GET,/api/external/,119.25,74,0,
2026-05-16T16:37:58.696621,PUT,/api/articles/1/,1612.13,171,0,
2026-05-16T16:37:58.738787,PUT,/api/articles/1/,1519.32,171,0,
2026-05-16T16:37:58.764827,PUT,/api/articles/1/,156.36,171,0,
2026-05-16T16:37:58.803853,PUT,/api/articles/1/,68.56,171,0,
2026-05-16T16:37:58.853213,PUT,/api/articles/1/,45.07,171,0,
2026-05-16T16:37:59.142576,POST,/api/queue/,13.37,68,0,
2026-05-16T16:37:59.574768,PUT,/api/articles/1/,158.46,171,0,
2026-05-16T16:37:59.755786,POST,/api/queue/,11.43,68,0,
2026-05-16T16:38:00.081287,GET,/api/cache/1/,23.47,171,0,
2026-05-16T16:38:00.409563,GET,/api/articles/1/,19.88,171,0,
2026-05-16T16:38:00.465454,GET,/api/cache/1/,17.38,171,0,
2026-05-16T16:38:00.737235,GET,/api/cache/1/,15.21,171,0,
2026-05-16T16:38:00.741381,PUT,/api/articles/1/,684.44,171,0,
2026-05-16T16:38:00.769429,PUT,/api/articles/1/,581.42,171,0,
2026-05-16T16:38:00.949147,GET,/api/external/,111.37,74,0,
2026-05-16T16:38:01.020732,GET,/api/external/,110.45,74,0,
2026-05-16T16:38:01.337751,GET,/api/articles/1/,20.25,171,0,
2026-05-16T16:38:01.803256,GET,/api/articles/1/,12.86,171,0,
2026-05-16T16:38:01.971368,POST,/api/queue/,15.49,68,0,
2026-05-16T16:38:02.068887,GET,/api/external/,113.46,74,0,
2026-05-16T16:38:02.288235,PUT,/api/articles/1/,126.67,171,0,
2026-05-16T16:38:02.315652,PUT,/api/articles/1/,149.93,171,0,
2026-05-16T16:38:02.365682,GET,/api/cache/1/,12.83,171,0,
2026-05-16T16:38:03.188155,GET,/api/cache/1/,12.97,171,0,
2026-05-16T16:38:04.158355,PUT,/api/articles/1/,546.92,171,0,
2026-05-16T16:38:04.160310,POST,/api/queue/,472.75,68,0,
2026-05-16T16:38:04.172815,GET,/api/cache/1/,383.14,171,0,
2026-05-16T16:38:04.173866,GET,/api/cache/1/,329.41,171,0,
2026-05-16T16:38:04.349657,GET,/api/articles/1/,12.22,171,0,
2026-05-16T16:38:04.699512,GET,/api/external/,107.93,74,0,
2026-05-16T16:38:04.760410,POST,/api/queue/,9.66,68,0,
2026-05-16T16:38:04.831882,GET,/api/external/,109.02,73,0,
2026-05-16T16:38:05.273202,POST,/api/queue/,11.51,68,0,
2026-05-16T16:38:05.286392,GET,/api/external/,108.67,74,0,
2026-05-16T16:38:05.693153,POST,/api/queue/,10.95,68,0,
2026-05-16T16:38:06.052130,POST,/api/queue/,11.04,68,0,
2026-05-16T16:38:06.610631,GET,/api/articles/1/,13.25,171,0,
2026-05-16T16:38:06.676267,GET,/api/external/,113.31,74,0,
2026-05-16T16:38:06.916990,GET,/api/articles/1/,12.92,171,0,
2026-05-16T16:38:07.107682,PUT,/api/articles/1/,751.34,171,0,
2026-05-16T16:38:07.145340,PUT,/api/articles/1/,409.58,171,0,
2026-05-16T16:38:07.488516,GET,/api/articles/1/,11.13,171,0,
2026-05-16T16:38:07.544702,GET,/api/articles/1/,10.65,171,0,
2026-05-16T16:38:07.608486,PUT,/api/articles/1/,38.38,171,0,
2026-05-16T16:38:08.003830,POST,/api/queue/,9.31,68,0,
2026-05-16T16:38:08.186355,GET,/api/articles/1/,20.25,171,0,
2026-05-16T16:38:08.994929,PUT,/api/articles/1/,829.31,171,0,
2026-05-16T16:38:09.022143,PUT,/api/articles/1/,475.79,171,0,
2026-05-16T16:38:09.390875,POST,/api/queue/,9.13,68,0,
2026-05-16T16:38:09.525816,GET,/api/external/,107.65,74,0,
2026-05-16T16:38:09.572226,GET,/api/cache/1/,12.16,171,0,
2026-05-16T16:38:09.581308,GET,/api/external/,108.32,74,0,
2026-05-16T16:38:09.940652,POST,/api/queue/,9.33,68,0,
2026-05-16T16:38:09.972931,POST,/api/queue/,7.99,68,0,
2026-05-16T16:38:10.056214,POST,/api/queue/,8.02,68,0,
2026-05-16T16:38:10.602835,POST,/api/queue/,8.24,68,0,
2026-05-16T16:38:10.754699,GET,/api/external/,107.58,74,0,
2026-05-16T16:38:10.813221,GET,/api/articles/1/,11.1,171,0,
2026-05-16T16:38:10.953075,GET,/api/articles/1/,10.32,171,0,
2026-05-16T16:38:11.247758,PUT,/api/articles/1/,1461.64,171,0,
2026-05-16T16:38:11.683000,POST,/api/queue/,9.08,68,0,
2026-05-16T16:38:12.268566,PUT,/api/articles/1/,145.63,171,0,
2026-05-16T16:38:12.313603,GET,/api/cache/1/,12.66,171,0,
2026-05-16T16:38:12.370730,PUT,/api/articles/1/,49.74,171,0,
2026-05-16T16:38:12.693711,POST,/api/queue/,9.28,68,0,
2026-05-16T16:38:13.044165,GET,/api/external/,107.48,74,0,
2026-05-16T16:38:13.738595,POST,/api/queue/,10.18,68,0,
2026-05-16T16:38:13.743087,PUT,/api/articles/1/,842.61,171,0,
2026-05-16T16:38:13.771061,PUT,/api/articles/1/,320.12,171,0,
2026-05-16T16:38:13.891594,GET,/api/external/,108.21,74,0,
2026-05-16T16:38:13.921658,GET,/api/cache/1/,9.97,171,0,
2026-05-16T16:38:14.010212,GET,/api/external/,108.29,73,0,
2026-05-16T16:38:14.187578,GET,/api/cache/1/,9.53,171,0,
2026-05-16T16:38:14.464978,GET,/api/external/,109.71,74,0,
2026-05-16T16:38:14.669837,GET,/api/external/,108.96,74,0,
2026-05-16T16:38:14.706986,PUT,/api/articles/1/,43.1,171,0,
2026-05-16T16:38:14.884087,GET,/api/articles/1/,10.37,171,0,
2026-05-16T16:38:15.438800,GET,/api/articles/1/,10.87,171,0,
2026-05-16T16:38:15.745361,GET,/api/articles/1/,13.42,171,0,
2026-05-16T16:38:15.969153,PUT,/api/articles/1/,1029.49,171,0,
2026-05-16T16:38:16.007531,PUT,/api/articles/1/,175.73,171,0,
2026-05-16T16:38:16.034237,PUT,/api/articles/1/,192.99,171,0,
2026-05-16T16:38:16.482852,POST,/api/queue/,9.55,68,0,
2026-05-16T16:38:16.529378,POST,/api/queue/,9.21,68,0,
2026-05-16T16:38:17.495348,GET,/api/external/,108.31,74,0,
2026-05-16T16:38:17.663605,GET,/api/external/,107.81,73,0,
2026-05-16T16:38:17.693387,GET,/api/cache/1/,10.55,171,0,
2026-05-16T16:38:17.780666,PUT,/api/articles/1/,989.62,171,0,
2026-05-16T16:38:17.813936,PUT,/api/articles/1/,993.98,171,0,
2026-05-16T16:38:17.943563,PUT,/api/articles/1/,42.27,171,0,
2026-05-16T16:38:18.110995,POST,/api/queue/,8.97,68,0,
2026-05-16T16:38:18.185164,PUT,/api/articles/1/,44.73,171,0,
2026-05-16T16:38:18.291091,POST,/api/queue/,11.6,68,0,
2026-05-16T16:38:18.301538,GET,/api/articles/1/,18.1,171,0,
2026-05-16T16:38:19.069514,GET,/api/external/,108.23,74,0,
2026-05-16T16:38:19.336908,POST,/api/queue/,10.94,68,0,
2026-05-16T16:38:19.430495,POST,/api/queue/,9.2,68,0,
2026-05-16T16:38:19.964949,GET,/api/cache/1/,15.95,171,0,
2026-05-16T16:38:19.966794,GET,/api/cache/1/,15.89,171,0,
2026-05-16T16:38:20.282681,GET,/api/cache/1/,12.2,171,0,
2026-05-16T16:38:20.493530,PUT,/api/articles/1/,1010.71,171,0,
2026-05-16T16:38:20.535329,PUT,/api/articles/1/,77.92,171,0,
2026-05-16T16:38:20.568173,PUT,/api/articles/1/,91.21,171,0,
2026-05-16T16:38:20.635561,GET,/api/articles/1/,10.86,171,0,
2026-05-16T16:38:21.271553,PUT,/api/articles/1/,98.52,171,0,
2026-05-16T16:38:21.557842,GET,/api/articles/1/,11.36,171,0,
2026-05-16T16:38:21.897971,POST,/api/queue/,9.49,68,0,
2026-05-16T16:38:22.172431,PUT,/api/articles/1/,85.76,171,0,
2026-05-16T16:38:22.285065,POST,/api/queue/,12.08,68,0,
2026-05-16T16:38:22.293102,GET,/api/cache/1/,16.18,171,0,
2026-05-16T16:38:22.359327,GET,/api/external/,109.34,74,0,
2026-05-16T16:38:22.375194,GET,/api/articles/1/,14.47,171,0,
2026-05-16T16:38:22.971470,GET,/api/articles/1/,12.51,171,0,
2026-05-16T16:38:23.008121,GET,/api/external/,109.37,74,0,
2026-05-16T16:38:23.446669,GET,/api/external/,111.28,74,0,
2026-05-16T16:38:23.481867,GET,/api/cache/1/,10.83,171,0,
2026-05-16T16:38:23.904218,GET,/api/cache/1/,10.41,171,0,
2026-05-16T16:38:24.496877,GET,/api/external/,113.1,74,0,
2026-05-16T16:38:24.572100,GET,/api/articles/1/,12.62,171,0,
2026-05-16T16:38:24.585217,GET,/api/articles/1/,14.8,171,0,
2026-05-16T16:38:24.754955,PUT,/api/articles/1/,53.27,171,0,
2026-05-16T16:38:24.850156,GET,/api/cache/1/,15.83,171,0,
2026-05-16T16:38:24.973727,GET,/api/cache/1/,11.83,171,0,
2026-05-16T16:38:25.013987,GET,/api/articles/1/,14.91,171,0,
2026-05-16T16:38:25.455275,GET,/api/external/,109.83,74,0,
2026-05-16T16:38:25.704535,GET,/api/cache/1/,14.38,171,0,
2026-05-16T16:38:25.978614,GET,/api/external/,111.37,74,0,
2026-05-16T16:38:26.093703,GET,/api/external/,113.43,74,0,
2026-05-16T16:38:26.217665,GET,/api/cache/1/,14.26,171,0,
2026-05-16T16:38:26.616893,GET,/api/articles/1/,13.43,171,0,
2026-05-16T16:38:26.754739,POST,/api/queue/,10.39,68,0,
2026-05-16T16:38:26.873385,POST,/api/queue/,11.12,68,0,
2026-05-16T16:38:27.239646,PUT,/api/articles/1/,389.33,171,0,
2026-05-16T16:38:27.480060,POST,/api/queue/,16.55,68,0,
2026-05-16T16:38:27.898823,GET,/api/articles/1/,11.95,171,0,
2026-05-16T16:38:27.933440,GET,/api/external/,122.34,74,0,
2026-05-16T16:38:28.674763,GET,/api/articles/1/,17.32,171,0,
2026-05-16T16:38:28.758788,PUT,/api/articles/1/,1113.87,171,0,
2026-05-16T16:38:28.791644,PUT,/api/articles/1/,65.45,171,0,
2026-05-16T16:38:28.807386,GET,/api/cache/1/,13.41,171,0,
2026-05-16T16:38:28.855545,POST,/api/queue/,13.73,68,0,
2026-05-16T16:38:29.043820,POST,/api/queue/,12.64,68,0,
2026-05-16T16:38:29.166384,PUT,/api/articles/1/,42.15,171,0,
2026-05-16T16:38:29.746352,GET,/api/cache/1/,12.86,171,0,
2026-05-16T16:38:29.847414,PUT,/api/articles/1/,35.5,171,0,
2026-05-16T16:38:30.924118,POST,/api/queue/,24.49,68,0,
2026-05-16T16:38:31.229668,GET,/api/external/,108.8,74,0,
2026-05-16T16:38:31.254254,GET,/api/external/,108.35,74,0,
2026-05-16T16:38:31.521898,POST,/api/queue/,20.97,68,0,
2026-05-16T16:38:31.906593,PUT,/api/articles/1/,177.91,171,0,
2026-05-16T16:38:31.909589,GET,/api/cache/1/,13.77,171,0,
2026-05-16T16:38:31.930766,PUT,/api/articles/1/,181.18,171,0,
2026-05-16T16:38:31.989791,PUT,/api/articles/1/,47.79,171,0,
2026-05-16T16:38:32.585022,GET,/api/cache/1/,9.8,171,0,
2026-05-16T16:38:32.795612,GET,/api/external/,108.07,74,0,
2026-05-16T16:38:32.910640,PUT,/api/articles/1/,41.7,171,0,
2026-05-16T16:38:33.095417,GET,/api/external/,108.0,74,0,
2026-05-16T16:38:33.718567,GET,/api/articles/1/,10.38,171,0,
2026-05-16T16:38:33.745351,POST,/api/queue/,9.49,68,0,
2026-05-16T16:38:34.233207,POST,/api/queue/,8.62,68,0,
2026-05-16T16:38:34.265075,PUT,/api/articles/1/,401.01,171,0,
2026-05-16T16:38:34.293080,PUT,/api/articles/1/,141.97,171,0,
2026-05-16T16:38:34.321547,PUT,/api/articles/1/,119.08,171,0,
2026-05-16T16:38:34.598162,GET,/api/external/,111.06,73,0,
2026-05-16T16:38:34.599477,GET,/api/articles/1/,14.33,171,0,
2026-05-16T16:38:34.721248,GET,/api/cache/1/,11.99,171,0,
2026-05-16T16:38:34.952449,GET,/api/cache/1/,18.43,171,0,
2026-05-16T16:38:35.841446,GET,/api/external/,109.04,74,0,
2026-05-16T16:38:35.862690,PUT,/api/articles/1/,47.93,171,0,
2026-05-16T16:38:36.293691,GET,/api/articles/1/,10.81,171,0,
2026-05-16T16:38:36.512026,GET,/api/cache/1/,9.68,171,0,
2026-05-16T16:38:36.699760,GET,/api/external/,108.06,74,0,
2026-05-16T16:38:37.179056,PUT,/api/articles/1/,763.85,171,0,
2026-05-16T16:38:37.311999,GET,/api/cache/1/,10.52,171,0,
2026-05-16T16:38:37.387036,GET,/api/articles/1/,11.56,171,0,
2026-05-16T16:38:37.549259,PUT,/api/articles/1/,40.71,171,0,
2026-05-16T16:38:37.576792,GET,/api/articles/1/,11.1,171,0,
2026-05-16T16:38:37.654212,POST,/api/queue/,11.92,68,0,
2026-05-16T16:38:38.664138,GET,/api/articles/1/,10.72,171,0,
2026-05-16T16:38:38.699973,PUT,/api/articles/1/,805.19,171,0,
2026-05-16T16:38:38.727735,PUT,/api/articles/1/,377.05,171,0,
2026-05-16T16:38:39.034172,PUT,/api/articles/1/,51.41,171,0,
2026-05-16T16:38:39.093974,PUT,/api/articles/1/,42.45,171,0,
2026-05-16T16:38:39.507112,GET,/api/articles/1/,11.13,171,0,
2026-05-16T16:38:39.704929,POST,/api/queue/,10.19,68,0,
2026-05-16T16:38:39.821629,GET,/api/articles/1/,19.8,171,0,
2026-05-16T16:38:39.908988,GET,/api/cache/1/,9.92,171,0,
2026-05-16T16:38:40.130954,POST,/api/queue/,12.5,68,0,
2026-05-16T16:38:40.311085,POST,/api/queue/,8.62,68,0,
2026-05-16T16:38:40.849674,GET,/api/articles/1/,10.56,171,0,
2026-05-16T16:38:40.920615,POST,/api/queue/,8.61,68,0,
2026-05-16T16:38:40.958802,PUT,/api/articles/1/,834.41,171,0,
2026-05-16T16:38:41.906310,GET,/api/articles/1/,10.6,171,0,
2026-05-16T16:38:42.085587,POST,/api/queue/,168.88,68,0,
2026-05-16T16:38:42.086062,PUT,/api/articles/1/,368.46,171,0,
2026-05-16T16:38:42.091826,POST,/api/queue/,162.3,68,0,
2026-05-16T16:38:42.194888,GET,/api/external/,195.43,74,0,
2026-05-16T16:38:42.232685,GET,/api/articles/1/,11.31,171,0,
2026-05-16T16:38:42.491976,GET,/api/external/,108.94,74,0,
2026-05-16T16:38:42.608339,GET,/api/cache/1/,9.84,171,0,
2026-05-16T16:38:42.641148,GET,/api/external/,108.9,74,0,
2026-05-16T16:38:43.151713,POST,/api/queue/,10.98,68,0,
2026-05-16T16:38:43.219937,GET,/api/articles/1/,14.59,171,0,
2026-05-16T16:38:43.646743,GET,/api/cache/1/,10.65,171,0,
2026-05-16T16:38:43.785613,PUT,/api/articles/1/,656.27,171,0,
2026-05-16T16:38:43.824115,PUT,/api/articles/1/,439.68,171,0,
2026-05-16T16:38:43.851641,PUT,/api/articles/1/,165.62,171,0,
2026-05-16T16:38:43.889200,PUT,/api/articles/1/,453.65,171,0,
2026-05-16T16:38:43.920568,POST,/api/queue/,9.37,68,0,
2026-05-16T16:38:44.209581,POST,/api/queue/,9.17,68,0,
2026-05-16T16:38:44.879596,GET,/api/cache/1/,10.63,171,0,
2026-05-16T16:38:45.109780,GET,/api/articles/1/,10.69,171,0,
2026-05-16T16:38:45.158206,GET,/api/external/,108.01,74,0,
2026-05-16T16:38:45.203643,GET,/api/external/,108.64,74,0,
2026-05-16T16:38:45.472700,GET,/api/external/,108.47,74,0,
2026-05-16T16:38:45.506527,GET,/api/cache/1/,12.44,171,0,
2026-05-16T16:38:45.674591,PUT,/api/articles/1/,856.52,171,0,
2026-05-16T16:38:45.723969,PUT,/api/articles/1/,516.06,171,0,
2026-05-16T16:38:45.898487,POST,/api/queue/,18.4,68,0,
2026-05-16T16:38:45.987160,POST,/api/queue/,8.14,68,0,
2026-05-16T16:38:46.355767,GET,/api/cache/1/,9.66,171,0,
2026-05-16T16:38:46.711109,GET,/api/articles/1/,10.35,171,0,
2026-05-16T16:38:46.845391,GET,/api/external/,108.95,73,0,
2026-05-16T16:38:46.855292,GET,/api/articles/1/,10.8,171,0,
2026-05-16T16:38:47.228024,GET,/api/articles/1/,10.11,171,0,
2026-05-16T16:38:47.827635,POST,/api/queue/,547.14,68,0,
2026-05-16T16:38:47.858557,GET,/api/articles/1/,195.38,171,0,
2026-05-16T16:38:47.859240,PUT,/api/articles/1/,858.66,171,0,
2026-05-16T16:38:47.862169,PUT,/api/articles/1/,737.31,171,0,
2026-05-16T16:38:48.609286,POST,/api/queue/,9.54,68,0,
2026-05-16T16:38:48.875154,POST,/api/queue/,9.07,68,0,
2026-05-16T16:38:48.918058,GET,/api/cache/1/,11.64,171,0,
2026-05-16T16:38:49.002275,GET,/api/external/,108.85,74,0,
2026-05-16T16:38:49.025440,GET,/api/articles/1/,12.65,171,0,
2026-05-16T16:38:49.204712,GET,/api/cache/1/,9.72,171,0,
2026-05-16T16:38:49.304843,GET,/api/articles/1/,10.41,171,0,
2026-05-16T16:38:49.748647,GET,/api/cache/1/,9.87,171,0,
2026-05-16T16:38:50.131860,GET,/api/cache/1/,10.55,171,0,
2026-05-16T16:38:50.238385,GET,/api/external/,109.21,74,0,
2026-05-16T16:38:50.625629,PUT,/api/articles/1/,46.34,171,0,
2026-05-16T16:38:50.644437,GET,/api/articles/1/,10.43,171,0,
2026-05-16T16:38:50.780072,GET,/api/external/,109.21,74,0,
2026-05-16T16:38:50.837265,GET,/api/articles/1/,12.54,171,0,
2026-05-16T16:38:51.198705,GET,/api/articles/1/,11.37,171,0,
2026-05-16T16:38:51.255725,GET,/api/articles/1/,11.49,171,0,
2026-05-16T16:38:51.661225,GET,/api/external/,109.51,74,0,
2026-05-16T16:38:51.730873,GET,/api/external/,108.21,74,0,
2026-05-16T16:38:51.778962,POST,/api/queue/,11.79,68,0,
2026-05-16T16:38:51.878076,GET,/api/articles/1/,10.62,171,0,
2026-05-16T16:38:52.244390,PUT,/api/articles/1/,39.58,171,0,
2026-05-16T16:38:52.314594,PUT,/api/articles/1/,48.68,171,0,
2026-05-16T16:38:53.062514,POST,/api/queue/,9.4,68,0,
2026-05-16T16:38:53.260767,POST,/api/queue/,8.7,68,0,
2026-05-16T16:38:53.371470,GET,/api/external/,109.25,74,0,
2026-05-16T16:38:53.509942,PUT,/api/articles/1/,178.94,171,0,
2026-05-16T16:38:53.546892,PUT,/api/articles/1/,124.08,171,0,
2026-05-16T16:38:53.627449,POST,/api/queue/,8.26,68,0,
2026-05-16T16:38:53.877655,GET,/api/external/,107.58,74,0,
2026-05-16T16:38:54.170388,GET,/api/articles/1/,11.75,171,0,
2026-05-16T16:38:54.273791,GET,/api/articles/1/,12.8,171,0,
2026-05-16T16:38:54.641067,POST,/api/queue/,9.33,68,0,
2026-05-16T16:38:54.776014,POST,/api/queue/,10.56,68,0,
2026-05-16T16:38:55.098267,PUT,/api/articles/1/,204.14,171,0,
2026-05-16T16:38:55.099372,GET,/api/articles/1/,13.79,171,0,
2026-05-16T16:38:55.452845,GET,/api/cache/1/,10.49,171,0,
2026-05-16T16:38:55.842236,GET,/api/external/,110.67,74,0,
2026-05-16T16:38:55.964866,GET,/api/articles/1/,14.3,171,0,
2026-05-16T16:38:55.975813,PUT,/api/articles/1/,47.22,171,0,
2026-05-16T16:38:56.016036,GET,/api/cache/1/,13.02,171,0,
2026-05-16T16:38:56.518887,POST,/api/queue/,11.23,68,0,
2026-05-16T16:38:57.069409,POST,/api/queue/,13.92,68,0,
2026-05-16T16:38:57.292394,GET,/api/articles/1/,10.33,171,0,
2026-05-16T16:38:57.526681,PUT,/api/articles/1/,517.43,171,0,
2026-05-16T16:38:57.562307,PUT,/api/articles/1/,252.6,171,0,
2026-05-16T16:38:57.630510,GET,/api/external/,112.42,74,0,
2026-05-16T16:38:57.707396,GET,/api/cache/1/,11.07,171,0,
2026-05-16T16:38:57.717354,GET,/api/cache/1/,11.08,171,0,
2026-05-16T16:38:57.995645,GET,/api/external/,109.53,74,0,
2026-05-16T16:38:58.065660,PUT,/api/articles/1/,46.61,171,0,
2026-05-16T16:38:59.093900,GET,/api/external/,108.33,73,0,
2026-05-16T16:38:59.294296,PUT,/api/articles/1/,38.59,171,0,
2026-05-16T16:38:59.366348,GET,/api/cache/1/,10.7,171,0,
2026-05-16T16:38:59.440112,PUT,/api/articles/1/,40.32,171,0,
2026-05-16T16:38:59.694983,GET,/api/external/,109.18,74,0,
2026-05-16T16:38:59.711195,GET,/api/external/,110.26,74,0,
2026-05-16T16:38:59.882774,POST,/api/queue/,12.54,68,0,
2026-05-16T16:39:00.019457,GET,/api/articles/1/,12.9,171,0,
2026-05-16T16:39:00.347743,POST,/api/queue/,14.1,68,0,
2026-05-16T16:39:00.569023,GET,/api/articles/1/,11.14,171,0,
2026-05-16T16:39:00.871545,POST,/api/queue/,8.64,68,0,
2026-05-16T16:39:01.294806,GET,/api/external/,108.62,74,0,
2026-05-16T16:39:01.410918,GET,/api/external/,108.82,73,0,
2026-05-16T16:39:01.474229,GET,/api/cache/1/,13.48,171,0,
2026-05-16T16:39:02.034807,POST,/api/queue/,48.73,68,0,
2026-05-16T16:39:02.120724,POST,/api/queue/,9.11,68,0,
2026-05-16T16:39:02.153343,GET,/api/articles/1/,16.38,171,0,
2026-05-16T16:39:02.153815,POST,/api/queue/,13.04,68,0,
2026-05-16T16:39:02.653287,POST,/api/queue/,8.6,68,0,
2026-05-16T16:39:02.960749,POST,/api/queue/,8.46,68,0,
2026-05-16T16:39:04.185967,GET,/api/cache/1/,9.98,171,0,
2026-05-16T16:39:04.263485,GET,/api/cache/1/,9.88,171,0,
2026-05-16T16:39:04.651805,PUT,/api/articles/1/,42.46,171,0,
2026-05-16T16:39:04.686119,GET,/api/cache/1/,9.82,171,0,
2026-05-16T16:39:04.983410,GET,/api/articles/1/,15.85,171,0,
2026-05-16T16:39:05.096914,GET,/api/external/,109.75,74,0,
2026-05-16T16:39:05.313008,PUT,/api/articles/1/,49.57,171,0,
2026-05-16T16:39:05.570408,GET,/api/external/,108.8,74,0,
2026-05-16T16:39:05.579315,POST,/api/queue/,9.73,68,0,
2026-05-16T16:39:06.143378,GET,/api/external/,107.87,73,0,
2026-05-16T16:39:06.429104,GET,/api/articles/1/,12.98,171,0,
2026-05-16T16:39:06.593886,PUT,/api/articles/1/,41.42,171,0,
2026-05-16T16:39:06.736407,POST,/api/queue/,10.65,68,0,
2026-05-16T16:39:06.859004,POST,/api/queue/,9.98,68,0,
2026-05-16T16:39:07.319595,GET,/api/external/,110.89,74,0,
2026-05-16T16:39:07.392964,GET,/api/external/,108.85,74,0,
2026-05-16T16:39:07.426654,GET,/api/articles/1/,10.31,171,0,
2026-05-16T16:39:07.613865,POST,/api/queue/,9.37,68,0,
2026-05-16T16:39:08.120865,GET,/api/cache/1/,10.07,171,0,
2026-05-16T16:39:08.429623,GET,/api/articles/1/,13.15,171,0,
2026-05-16T16:39:08.457447,PUT,/api/articles/1/,47.0,171,0,
2026-05-16T16:39:08.931510,GET,/api/external/,108.19,74,0,
2026-05-16T16:39:08.950414,POST,/api/queue/,9.61,68,0,
2026-05-16T16:39:09.044322,PUT,/api/articles/1/,62.63,171,0,
2026-05-16T16:39:09.454458,GET,/api/cache/1/,16.24,171,0,
2026-05-16T16:39:09.490098,PUT,/api/articles/1/,51.4,171,0,
2026-05-16T16:39:09.544022,GET,/api/articles/1/,10.55,171,0,
2026-05-16T16:39:09.669211,GET,/api/external/,107.9,74,0,
2026-05-16T16:39:09.768597,POST,/api/queue/,10.21,68,0,
2026-05-16T16:39:09.863558,GET,/api/external/,109.12,74,0,
2026-05-16T16:39:10.465200,GET,/api/external/,108.34,74,0,
2026-05-16T16:39:10.761523,POST,/api/queue/,10.34,68,0,
2026-05-16T16:39:10.780843,GET,/api/cache/1/,11.84,171,0,
2026-05-16T16:39:10.788317,GET,/api/cache/1/,12.42,171,0,
2026-05-16T16:39:11.275557,POST,/api/queue/,12.56,68,0,
2026-05-16T16:39:11.312697,PUT,/api/articles/1/,53.48,171,0,
2026-05-16T16:39:12.036842,GET,/api/articles/1/,10.71,171,0,
2026-05-16T16:39:12.070727,POST,/api/queue/,8.41,68,0,
2026-05-16T16:39:12.314925,POST,/api/queue/,12.41,68,0,
2026-05-16T16:39:12.326320,POST,/api/queue/,8.01,68,0,
2026-05-16T16:39:12.338833,PUT,/api/articles/1/,40.18,171,0,
2026-05-16T16:39:12.375164,GET,/api/articles/1/,11.05,171,0,
2026-05-16T16:39:12.600687,POST,/api/queue/,10.74,68,0,
2026-05-16T16:39:12.613511,PUT,/api/articles/1/,46.51,171,0,
2026-05-16T16:39:12.789835,GET,/api/articles/1/,10.53,171,0,
2026-05-16T16:39:13.407677,GET,/api/articles/1/,10.65,171,0,
2026-05-16T16:39:13.565755,GET,/api/articles/1/,11.37,171,0,
2026-05-16T16:39:13.963712,GET,/api/external/,108.97,74,0,
2026-05-16T16:39:14.102855,POST,/api/queue/,19.48,68,0,
2026-05-16T16:39:14.103292,GET,/api/external/,116.09,74,0,
2026-05-16T16:39:14.112236,GET,/api/cache/1/,11.98,171,0,
2026-05-16T16:39:14.220896,PUT,/api/articles/1/,44.44,171,0,
2026-05-16T16:39:14.851315,GET,/api/external/,107.86,74,0,
2026-05-16T16:39:14.864504,POST,/api/queue/,8.97,68,0,
2026-05-16T16:39:15.231289,GET,/api/external/,108.1,74,0,
2026-05-16T16:39:15.256566,POST,/api/queue/,8.99,68,0,
2026-05-16T16:39:15.416753,GET,/api/articles/1/,9.77,171,0,
2026-05-16T16:39:15.480247,GET,/api/external/,108.18,74,0,
2026-05-16T16:39:15.565176,GET,/api/articles/1/,10.36,171,0,
2026-05-16T16:39:15.637071,GET,/api/cache/1/,11.59,171,0,
2026-05-16T16:39:15.754321,GET,/api/articles/1/,14.7,171,0,
2026-05-16T16:39:16.646751,GET,/api/external/,107.69,74,0,
2026-05-16T16:39:16.657440,POST,/api/queue/,9.36,68,0,
2026-05-16T16:39:16.805863,GET,/api/articles/1/,11.77,171,0,
2026-05-16T16:39:16.912907,GET,/api/articles/1/,11.45,171,0,
2026-05-16T16:39:16.919343,POST,/api/queue/,10.03,68,0,
2026-05-16T16:39:17.547772,PUT,/api/articles/1/,48.21,171,0,
2026-05-16T16:39:17.564843,GET,/api/cache/1/,9.67,171,0,
2026-05-16T16:39:17.680018,GET,/api/articles/1/,12.84,171,0,
2026-05-16T16:39:17.945653,GET,/api/cache/1/,9.58,171,0,
2026-05-16T16:39:18.018119,GET,/api/external/,108.17,74,0,
2026-05-16T16:39:18.179083,GET,/api/cache/1/,10.26,171,0,
2026-05-16T16:39:18.720073,GET,/api/external/,110.89,74,0,
2026-05-16T16:39:18.947236,GET,/api/cache/1/,9.59,171,0,
2026-05-16T16:39:19.131967,GET,/api/external/,108.39,74,0,
2026-05-16T16:39:19.361199,GET,/api/external/,108.5,74,0,
2026-05-16T16:39:19.407583,GET,/api/articles/1/,10.11,171,0,
2026-05-16T16:39:19.991178,GET,/api/cache/1/,9.91,171,0,
2026-05-16T16:39:20.068172,GET,/api/articles/1/,10.52,171,0,
2026-05-16T16:39:20.375334,GET,/api/articles/1/,11.4,171,0,
2026-05-16T16:39:20.543361,GET,/api/articles/1/,10.32,171,0,
2026-05-16T16:39:20.770493,GET,/api/external/,108.74,74,0,
2026-05-16T16:39:20.965993,GET,/api/cache/1/,9.7,171,0,
2026-05-16T16:39:21.164019,GET,/api/external/,107.73,74,0,
2026-05-16T16:39:21.632305,POST,/api/queue/,22.92,68,0,
2026-05-16T16:39:21.838334,GET,/api/articles/1/,10.37,171,0,
2026-05-16T16:39:21.982171,GET,/api/external/,109.52,74,0,
2026-05-16T16:39:22.051238,GET,/api/cache/1/,9.73,171,0,
2026-05-16T16:39:22.246016,PUT,/api/articles/1/,39.08,171,0,
2026-05-16T16:39:22.293750,GET,/api/articles/1/,11.35,171,0,
2026-05-16T16:39:22.385838,GET,/api/articles/1/,10.4,171,0,
2026-05-16T16:39:22.644312,GET,/api/cache/1/,9.76,171,0,
2026-05-16T16:39:22.813230,GET,/api/external/,108.59,74,0,
2026-05-16T16:39:23.221183,GET,/api/articles/1/,10.48,171,0,
2026-05-16T16:39:23.278792,GET,/api/articles/1/,11.28,171,0,
2026-05-16T16:39:23.699729,GET,/api/external/,109.04,73,0,
2026-05-16T16:39:23.926498,GET,/api/external/,108.24,74,0,
2026-05-16T21:12:47.396245,GET,/api/external/,107.56,73,0,
2026-05-16T21:12:47.583934,GET,/api/articles/1/,11.74,171,0,
2026-05-16T21:12:47.761448,GET,/api/articles/1/,25.0,171,0,
2026-05-16T21:12:47.866347,GET,/api/external/,116.75,73,0,
2026-05-16T21:12:47.934051,PUT,/api/articles/1/,86.47,171,0,
2026-05-16T21:12:48.021978,GET,/api/external/,110.27,73,0,
2026-05-16T21:12:48.303149,PUT,/api/articles/1/,52.68,171,0,
2026-05-16T21:12:48.502859,GET,/api/articles/1/,16.81,171,0,
2026-05-16T21:12:48.762227,GET,/api/external/,107.66,73,0,
2026-05-16T21:12:48.790417,GET,/api/external/,108.03,73,0,
2026-05-16T21:12:48.979566,POST,/api/queue/,10.59,68,0,
2026-05-16T21:12:49.006433,POST,/api/queue/,10.5,68,0,
2026-05-16T21:12:49.021072,POST,/api/queue/,8.33,68,0,
2026-05-16T21:12:49.061396,GET,/api/articles/1/,14.05,171,0,
2026-05-16T21:12:49.316953,GET,/api/articles/1/,12.0,171,0,
2026-05-16T21:12:50.149216,GET,/api/external/,108.24,73,0,
2026-05-16T21:12:50.169396,GET,/api/cache/1/,9.73,171,0,
2026-05-16T21:12:50.375225,PUT,/api/articles/1/,39.47,171,0,
2026-05-16T21:12:50.458938,POST,/api/queue/,10.4,68,0,
2026-05-16T21:12:50.538860,GET,/api/cache/1/,9.62,171,0,
2026-05-16T21:12:50.841148,GET,/api/articles/1/,12.35,171,0,
2026-05-16T21:12:51.176205,POST,/api/queue/,9.7,68,0,
2026-05-16T21:12:51.360803,GET,/api/articles/1/,9.91,171,0,
2026-05-16T21:12:51.657146,POST,/api/queue/,8.35,68,0,
2026-05-16T21:12:51.870318,GET,/api/articles/1/,11.55,171,0,
2026-05-16T21:12:52.188234,GET,/api/articles/1/,10.76,171,0,
2026-05-16T21:12:52.251185,PUT,/api/articles/1/,44.48,171,0,
2026-05-16T21:12:52.663193,GET,/api/cache/1/,9.72,171,0,
2026-05-16T21:12:52.666664,PUT,/api/articles/1/,49.17,171,0,
2026-05-16T21:12:52.678748,POST,/api/queue/,8.86,68,0,
2026-05-16T21:12:52.777045,POST,/api/queue/,8.62,68,0,
2026-05-16T21:12:52.814500,POST,/api/queue/,8.18,68,0,
2026-05-16T21:12:53.167346,GET,/api/cache/1/,9.89,171,0,
2026-05-16T21:12:53.504779,PUT,/api/articles/1/,38.82,171,0,
2026-05-16T21:12:53.528710,GET,/api/cache/1/,9.65,171,0,
2026-05-16T21:12:53.741330,GET,/api/cache/1/,9.9,171,0,
2026-05-16T21:12:54.334664,PUT,/api/articles/1/,60.17,171,0,
2026-05-16T21:12:54.336013,POST,/api/queue/,12.68,68,0,
2026-05-16T21:12:54.474928,GET,/api/articles/1/,15.93,171,0,
2026-05-16T21:12:54.475905,GET,/api/cache/1/,17.36,171,0,
2026-05-16T21:12:54.550585,GET,/api/articles/1/,10.49,171,0,
2026-05-16T21:12:54.661227,PUT,/api/articles/1/,48.89,171,0,
2026-05-16T21:12:54.873276,POST,/api/queue/,14.4,68,0,
2026-05-16T21:12:54.956906,POST,/api/queue/,8.17,68,0,
2026-05-16T21:12:55.606580,GET,/api/external/,111.25,73,0,
2026-05-16T21:12:56.003792,GET,/api/articles/1/,10.18,171,0,
2026-05-16T21:12:56.193193,GET,/api/external/,108.88,73,0,
2026-05-16T21:12:56.357002,GET,/api/external/,111.37,73,0,
2026-05-16T21:12:56.518662,POST,/api/queue/,9.03,68,0,
2026-05-16T21:12:56.882315,GET,/api/articles/1/,12.6,171,0,
2026-05-16T21:12:57.303530,GET,/api/external/,110.09,73,0,
2026-05-16T21:12:57.310597,GET,/api/articles/1/,13.1,171,0,
2026-05-16T21:12:57.479305,GET,/api/cache/1/,10.0,171,0,
2026-05-16T21:12:57.499370,GET,/api/cache/1/,10.75,171,0,
2026-05-16T21:12:57.564130,GET,/api/external/,108.7,73,0,
2026-05-16T21:12:57.689537,PUT,/api/articles/1/,38.97,171,0,
2026-05-16T21:12:58.245948,PUT,/api/articles/1/,48.17,171,0,
2026-05-16T21:12:58.272964,PUT,/api/articles/1/,58.16,171,0,
2026-05-16T21:12:58.670098,POST,/api/queue/,15.88,68,0,
2026-05-16T21:12:59.013357,GET,/api/articles/1/,10.24,171,0,
2026-05-16T21:12:59.091960,GET,/api/cache/1/,10.21,171,0,
2026-05-16T21:12:59.363189,GET,/api/external/,108.41,73,0,
2026-05-16T21:12:59.406774,GET,/api/external/,108.01,73,0,
2026-05-16T21:12:59.817202,GET,/api/external/,111.55,73,0,
2026-05-16T21:12:59.888009,PUT,/api/articles/1/,39.5,171,0,
2026-05-16T21:12:59.980656,GET,/api/cache/1/,10.23,171,0,
2026-05-16T21:13:00.088686,PUT,/api/articles/1/,42.78,171,0,
2026-05-16T21:13:00.258834,GET,/api/external/,107.85,72,0,
2026-05-16T21:13:00.607306,GET,/api/cache/1/,9.65,171,0,
2026-05-16T21:13:00.817518,GET,/api/cache/1/,9.58,171,0,
2026-05-16T21:13:00.998460,POST,/api/queue/,12.39,68,0,
2026-05-16T21:13:01.749913,PUT,/api/articles/1/,44.0,171,0,
2026-05-16T21:13:01.854978,GET,/api/cache/1/,9.56,171,0,
2026-05-16T21:13:02.015980,PUT,/api/articles/1/,47.67,171,0,
2026-05-16T21:13:02.308908,GET,/api/external/,108.23,73,0,
2026-05-16T21:13:02.406936,GET,/api/articles/1/,10.25,171,0,
2026-05-16T21:13:02.424639,GET,/api/cache/1/,9.45,171,0,
2026-05-16T21:13:02.589877,GET,/api/cache/1/,11.8,171,0,
2026-05-16T21:13:02.653237,GET,/api/external/,108.09,73,0,
2026-05-16T21:13:02.991348,GET,/api/external/,108.93,73,0,
2026-05-16T21:13:03.119170,GET,/api/cache/1/,11.33,171,0,
2026-05-16T21:13:03.228447,GET,/api/external/,107.94,73,0,
2026-05-16T21:13:04.026831,GET,/api/external/,107.86,73,0,
2026-05-16T21:13:04.264038,PUT,/api/articles/1/,130.92,171,0,
2026-05-16T21:13:04.267559,GET,/api/cache/1/,12.26,171,0,
2026-05-16T21:13:04.381172,GET,/api/articles/1/,10.12,171,0,
2026-05-16T21:13:04.489656,PUT,/api/articles/1/,55.85,171,0,
2026-05-16T21:13:04.490136,POST,/api/queue/,30.5,68,0,
2026-05-16T21:13:04.587768,PUT,/api/articles/1/,67.25,171,0,
2026-05-16T21:13:04.763920,GET,/api/cache/1/,9.88,171,0,
2026-05-16T21:13:04.958215,GET,/api/articles/1/,10.63,171,0,
2026-05-16T21:13:05.973641,PUT,/api/articles/1/,45.06,171,0,
2026-05-16T21:13:06.009967,GET,/api/articles/1/,10.78,171,0,
2026-05-16T21:13:06.305673,GET,/api/cache/1/,9.9,171,0,
2026-05-16T21:13:06.560486,POST,/api/queue/,20.06,68,0,
2026-05-16T21:13:06.617414,POST,/api/queue/,9.34,68,0,
2026-05-16T21:13:07.048061,GET,/api/articles/1/,15.45,171,0,
2026-05-16T21:13:07.073717,PUT,/api/articles/1/,39.17,171,0,
2026-05-16T21:13:07.475796,GET,/api/articles/1/,10.07,171,0,
2026-05-16T21:13:07.576883,PUT,/api/articles/1/,48.79,171,0,
2026-05-16T21:13:07.650270,GET,/api/cache/1/,10.71,171,0,
2026-05-16T21:13:07.897976,PUT,/api/articles/1/,43.91,171,0,
2026-05-16T21:13:08.986498,GET,/api/cache/1/,9.91,171,0,
2026-05-16T21:13:09.236705,GET,/api/cache/1/,10.23,171,0,
2026-05-16T21:13:09.397169,GET,/api/external/,108.13,74,0,
2026-05-16T21:13:09.511630,GET,/api/cache/1/,9.89,171,0,
2026-05-16T21:13:09.767070,PUT,/api/articles/1/,42.51,171,0,
2026-05-16T21:13:09.959236,GET,/api/articles/1/,10.39,171,0,
2026-05-16T21:13:10.077849,GET,/api/cache/1/,9.92,171,0,
2026-05-16T21:13:10.638705,GET,/api/cache/1/,14.47,171,0,
2026-05-16T21:13:10.838523,GET,/api/external/,108.17,74,0,
2026-05-16T21:13:10.999484,GET,/api/articles/1/,12.22,171,0,
2026-05-16T21:13:11.161740,POST,/api/queue/,101.83,68,0,
2026-05-16T21:13:11.168339,GET,/api/articles/1/,23.12,171,0,
2026-05-16T21:13:11.358659,GET,/api/articles/1/,11.55,171,0,
2026-05-16T21:13:11.394662,GET,/api/cache/1/,11.12,171,0,
2026-05-16T21:13:11.945611,GET,/api/articles/1/,15.97,171,0,
2026-05-16T21:13:11.948364,GET,/api/articles/1/,16.79,171,0,
2026-05-16T21:13:12.263295,PUT,/api/articles/1/,43.75,171,0,
2026-05-16T21:13:12.875093,GET,/api/external/,110.18,74,0,
2026-05-16T21:13:12.876883,PUT,/api/articles/1/,49.83,171,0,
2026-05-16T21:13:13.052976,GET,/api/articles/1/,10.41,171,0,
2026-05-16T21:13:13.081740,POST,/api/queue/,9.4,68,0,
2026-05-16T21:13:13.476959,PUT,/api/articles/1/,51.08,171,0,
2026-05-16T21:13:13.751845,GET,/api/articles/1/,11.24,171,0,
2026-05-16T21:13:13.983025,GET,/api/cache/1/,10.13,171,0,
2026-05-16T21:13:14.219999,PUT,/api/articles/1/,43.11,171,0,
2026-05-16T21:13:14.256631,GET,/api/external/,108.05,74,0,
2026-05-16T21:13:14.318682,GET,/api/external/,108.76,74,0,
2026-05-16T21:13:14.678368,PUT,/api/articles/1/,54.65,171,0,
2026-05-16T21:13:14.813849,GET,/api/external/,108.91,74,0,
2026-05-16T21:13:15.100447,POST,/api/queue/,9.81,68,0,
2026-05-16T21:13:15.356717,PUT,/api/articles/1/,46.4,171,0,
2026-05-16T21:13:15.467604,POST,/api/queue/,10.16,68,0,
2026-05-16T21:13:15.481669,GET,/api/external/,109.4,74,0,
2026-05-16T21:13:15.603776,POST,/api/queue/,8.37,68,0,
2026-05-16T21:13:15.782674,POST,/api/queue/,8.44,68,0,
2026-05-16T21:13:16.632824,GET,/api/articles/1/,10.24,171,0,
2026-05-16T21:13:16.819965,POST,/api/queue/,9.29,68,0,
2026-05-16T21:13:16.940866,GET,/api/articles/1/,11.5,171,0,
2026-05-16T21:13:17.125142,POST,/api/queue/,8.69,68,0,
2026-05-16T21:13:17.144226,GET,/api/cache/1/,9.73,171,0,
2026-05-16T21:13:17.299032,GET,/api/external/,108.32,73,0,
2026-05-16T21:13:17.693999,GET,/api/articles/1/,11.64,171,0,
2026-05-16T21:13:17.823002,GET,/api/cache/1/,10.1,171,0,
2026-05-16T21:13:17.889890,POST,/api/queue/,9.44,68,0,
2026-05-16T21:13:18.066245,GET,/api/articles/1/,10.79,171,0,
2026-05-16T21:13:18.361246,GET,/api/cache/1/,9.5,171,0,
2026-05-16T21:13:18.417100,GET,/api/articles/1/,12.32,171,0,
2026-05-16T21:13:18.633381,POST,/api/queue/,14.55,68,0,
2026-05-16T21:13:18.663149,PUT,/api/articles/1/,45.06,171,0,
2026-05-16T21:13:18.955687,GET,/api/articles/1/,11.8,171,0,
2026-05-16T21:13:19.246425,PUT,/api/articles/1/,55.83,171,0,
2026-05-16T21:13:19.630714,GET,/api/cache/1/,9.99,171,0,
2026-05-16T21:13:19.811524,GET,/api/articles/1/,11.97,171,0,
2026-05-16T21:13:20.074423,GET,/api/articles/1/,11.4,171,0,
2026-05-16T21:13:20.364316,GET,/api/cache/1/,17.25,171,0,
2026-05-16T21:13:20.589390,POST,/api/queue/,132.42,68,0,
2026-05-16T21:13:20.596411,GET,/api/articles/1/,16.37,171,0,
2026-05-16T21:13:20.664942,GET,/api/articles/1/,10.25,171,0,
2026-05-16T21:13:20.684842,GET,/api/cache/1/,9.64,171,0,
2026-05-16T21:13:21.054182,POST,/api/queue/,9.48,68,0,
2026-05-16T21:13:21.342097,GET,/api/external/,107.95,74,0,
2026-05-16T21:13:21.410205,GET,/api/external/,108.07,74,0,
2026-05-16T21:13:21.600100,POST,/api/queue/,9.3,68,0,
2026-05-16T21:13:22.275314,PUT,/api/articles/1/,40.74,171,0,
2026-05-16T21:13:22.653250,GET,/api/articles/1/,10.98,171,0,
2026-05-16T21:13:22.699197,GET,/api/articles/1/,10.62,171,0,
2026-05-16T21:13:22.938491,GET,/api/external/,107.54,74,0,
2026-05-16T21:13:23.056332,POST,/api/queue/,9.28,68,0,
2026-05-16T21:13:23.068640,GET,/api/articles/1/,10.79,171,0,
2026-05-16T21:13:23.237519,GET,/api/articles/1/,11.3,171,0,
2026-05-16T21:13:23.424131,GET,/api/articles/1/,11.85,171,0,
2026-05-16T21:13:23.827538,PUT,/api/articles/1/,45.32,171,0,
2026-05-16T21:13:23.934474,GET,/api/articles/1/,10.48,171,0,
2026-05-16T21:13:24.107501,GET,/api/articles/1/,11.23,171,0,
2026-05-16T21:13:24.363594,GET,/api/articles/1/,11.31,171,0,
2026-05-16T21:13:24.586052,GET,/api/external/,108.92,74,0,
2026-05-16T21:13:24.706417,POST,/api/queue/,14.54,68,0,
2026-05-16T21:13:25.021061,GET,/api/cache/1/,9.59,171,0,
2026-05-16T21:13:25.171399,GET,/api/articles/1/,9.93,171,0,
2026-05-16T21:13:25.403875,GET,/api/articles/1/,11.81,171,0,
2026-05-16T21:13:25.514128,GET,/api/external/,107.85,74,0,
2026-05-16T21:13:25.805403,GET,/api/cache/1/,9.68,171,0,
2026-05-16T21:13:26.279681,POST,/api/queue/,15.33,68,0,
2026-05-16T21:13:26.484638,GET,/api/cache/1/,9.4,171,0,
2026-05-16T21:13:26.736423,GET,/api/external/,109.19,74,0,
2026-05-16T21:13:26.955365,GET,/api/articles/1/,10.07,171,0,
2026-05-16T21:13:27.005870,GET,/api/cache/1/,10.19,171,0,
2026-05-16T21:13:27.193309,GET,/api/external/,108.82,73,0,
2026-05-16T21:13:27.257057,GET,/api/cache/1/,14.12,171,0,
2026-05-16T21:13:27.345480,GET,/api/cache/1/,10.06,171,0,
2026-05-16T21:13:27.969451,GET,/api/external/,108.02,74,0,
2026-05-16T21:13:27.983010,GET,/api/cache/1/,9.31,171,0,
2026-05-16T21:13:28.242496,PUT,/api/articles/1/,119.04,171,0,
2026-05-16T21:13:28.285483,GET,/api/articles/1/,10.69,171,0,
2026-05-16T21:13:28.309373,GET,/api/articles/1/,9.61,171,0,
2026-05-16T21:13:28.331302,POST,/api/queue/,19.73,68,0,
2026-05-16T21:13:28.567700,PUT,/api/articles/1/,38.98,171,0,
2026-05-16T21:13:28.608849,GET,/api/external/,108.09,74,0,
2026-05-16T21:13:28.716612,PUT,/api/articles/1/,41.6,171,0,
2026-05-16T21:13:29.402032,POST,/api/queue/,9.36,68,0,
2026-05-16T21:13:29.467924,GET,/api/articles/1/,12.31,171,0,
2026-05-16T21:13:29.552371,PUT,/api/articles/1/,52.06,171,0,
2026-05-16T21:13:29.584210,GET,/api/cache/1/,12.35,171,0,
2026-05-16T21:13:29.722947,GET,/api/external/,108.32,73,0,
2026-05-16T21:13:29.793772,GET,/api/cache/1/,10.44,171,0,
2026-05-16T21:13:29.977030,GET,/api/articles/1/,10.65,171,0,
2026-05-16T21:13:30.364426,POST,/api/queue/,9.67,68,0,
2026-05-16T21:13:30.381721,GET,/api/external/,108.92,74,0,
2026-05-16T21:13:30.663678,POST,/api/queue/,9.05,68,0,
2026-05-16T21:13:30.891100,POST,/api/queue/,8.96,68,0,
2026-05-16T21:13:30.961633,GET,/api/cache/1/,10.15,171,0,
2026-05-16T21:13:30.965725,GET,/api/external/,107.41,73,0,
2026-05-16T21:13:31.801678,GET,/api/cache/1/,16.2,171,0,
2026-05-16T21:13:31.803966,GET,/api/cache/1/,15.64,171,0,
2026-05-16T21:13:31.854975,GET,/api/articles/1/,11.57,171,0,
2026-05-16T21:13:32.139294,GET,/api/articles/1/,15.58,171,0,
2026-05-16T21:13:32.615523,GET,/api/external/,108.11,74,0,
2026-05-16T21:13:33.028117,GET,/api/articles/1/,12.58,171,0,
2026-05-16T21:13:33.093855,PUT,/api/articles/1/,51.24,171,0,
2026-05-16T21:13:33.096612,POST,/api/queue/,12.82,68,0,
2026-05-16T21:13:33.225289,PUT,/api/articles/1/,43.39,171,0,
2026-05-16T21:13:33.371985,PUT,/api/articles/1/,38.1,171,0,
2026-05-16T21:13:33.575177,GET,/api/articles/1/,10.55,171,0,
2026-05-16T21:13:33.980646,PUT,/api/articles/1/,42.36,171,0,
2026-05-16T21:13:33.994128,GET,/api/external/,108.76,74,0,
2026-05-16T21:13:34.238754,GET,/api/cache/1/,10.91,171,0,
2026-05-16T21:13:34.612967,PUT,/api/articles/1/,50.32,171,0,
2026-05-16T21:13:34.784158,POST,/api/queue/,9.6,68,0,
2026-05-16T21:13:35.051943,GET,/api/cache/1/,11.16,171,0,
2026-05-16T21:13:35.391464,POST,/api/queue/,10.87,68,0,
2026-05-16T21:13:35.412907,GET,/api/external/,109.24,74,0,
2026-05-16T21:13:35.623554,PUT,/api/articles/1/,49.04,171,0,
2026-05-16T21:13:35.701636,POST,/api/queue/,8.54,68,0,
2026-05-16T21:13:35.801703,PUT,/api/articles/1/,38.76,171,0,
2026-05-16T21:13:35.873931,GET,/api/articles/1/,12.74,171,0,
2026-05-16T21:13:36.673568,GET,/api/articles/1/,28.14,171,0,
2026-05-16T21:13:36.689525,PUT,/api/articles/1/,96.56,171,0,
2026-05-16T21:13:36.963671,POST,/api/queue/,9.35,68,0,
2026-05-16T21:13:37.103141,GET,/api/articles/1/,11.4,171,0,
2026-05-16T21:13:37.391293,GET,/api/external/,108.25,74,0,
2026-05-16T21:13:37.656841,GET,/api/articles/1/,11.87,171,0,
2026-05-16T21:13:38.309318,GET,/api/articles/1/,21.08,171,0,
2026-05-16T21:13:38.396948,GET,/api/cache/1/,12.33,171,0,
2026-05-16T21:13:38.398075,PUT,/api/articles/1/,174.47,171,0,
2026-05-16T21:13:38.414461,GET,/api/articles/1/,11.04,171,0,
2026-05-16T21:13:38.424877,PUT,/api/articles/1/,133.22,171,0,
2026-05-16T21:13:38.766381,GET,/api/external/,108.9,74,0,
2026-05-16T21:13:38.904626,GET,/api/external/,107.77,74,0,
2026-05-16T21:13:39.306787,GET,/api/articles/1/,16.0,171,0,
2026-05-16T21:13:39.412942,GET,/api/cache/1/,10.74,171,0,
2026-05-16T21:13:39.507273,GET,/api/articles/1/,10.83,171,0,
2026-05-16T21:13:39.832869,GET,/api/external/,180.25,73,0,
2026-05-16T21:13:39.833992,POST,/api/queue/,106.28,68,0,
2026-05-16T21:13:40.569556,GET,/api/cache/1/,9.58,171,0,
2026-05-16T21:13:40.623268,GET,/api/external/,110.26,74,0,
2026-05-16T21:13:40.631596,GET,/api/cache/1/,11.72,171,0,
2026-05-16T21:13:40.778063,GET,/api/external/,108.72,74,0,
2026-05-16T21:13:40.880976,PUT,/api/articles/1/,51.34,171,0,
2026-05-16T21:13:41.951514,PUT,/api/articles/1/,48.85,171,0,
2026-05-16T21:13:42.421083,POST,/api/queue/,9.35,68,0,
2026-05-16T21:13:42.514504,PUT,/api/articles/1/,46.12,171,0,
2026-05-16T21:13:42.588527,POST,/api/queue/,10.43,68,0,
2026-05-16T21:13:42.803732,PUT,/api/articles/1/,48.46,171,0,
2026-05-16T21:13:42.818759,POST,/api/queue/,8.6,68,0,
2026-05-16T21:13:42.907810,PUT,/api/articles/1/,46.81,171,0,
2026-05-16T21:13:43.137208,GET,/api/cache/1/,9.58,171,0,
2026-05-16T21:13:43.222845,GET,/api/external/,108.24,74,0,
2026-05-16T21:13:43.288060,GET,/api/articles/1/,10.96,171,0,
2026-05-16T21:13:43.565084,GET,/api/cache/1/,11.71,171,0,
2026-05-16T21:13:43.782732,GET,/api/external/,108.03,74,0,
2026-05-16T21:13:44.231132,GET,/api/external/,107.65,74,0,
2026-05-16T21:13:44.397148,GET,/api/cache/1/,9.94,171,0,
2026-05-16T21:13:44.823124,GET,/api/articles/1/,15.08,171,0,
2026-05-16T21:13:44.940516,GET,/api/articles/1/,10.37,171,0,
2026-05-16T21:13:45.022882,GET,/api/external/,111.25,73,0,
2026-05-16T21:13:45.050284,GET,/api/cache/1/,12.13,171,0,
2026-05-16T21:13:45.224705,GET,/api/external/,108.13,74,0,
2026-05-16T21:13:45.580604,GET,/api/articles/1/,16.58,171,0,
2026-05-16T21:13:45.633830,PUT,/api/articles/1/,123.24,171,0,
2026-05-16T21:13:45.672277,PUT,/api/articles/1/,119.34,171,0,
2026-05-16T21:13:46.149948,POST,/api/queue/,13.3,68,0,
2026-05-16T21:13:46.670787,PUT,/api/articles/1/,47.04,171,0,
2026-05-16T21:13:46.715775,GET,/api/cache/1/,9.67,171,0,
2026-05-16T21:13:46.862561,PUT,/api/articles/1/,45.13,171,0,
2026-05-16T21:13:46.874968,POST,/api/queue/,8.98,68,0,
2026-05-16T21:13:47.238014,GET,/api/articles/1/,11.66,171,0,
2026-05-16T21:13:47.406059,GET,/api/cache/1/,10.11,171,0,
2026-05-16T21:13:47.591590,GET,/api/cache/1/,9.66,171,0,
2026-05-16T21:13:47.710184,GET,/api/cache/1/,10.2,171,0,
2026-05-16T21:13:47.789594,GET,/api/external/,108.64,74,0,
2026-05-16T21:13:48.034828,POST,/api/queue/,10.33,68,0,
2026-05-16T21:13:48.111883,PUT,/api/articles/1/,50.69,171,0,
2026-05-16T21:13:48.348493,POST,/api/queue/,9.81,68,0,
2026-05-16T21:13:48.562455,GET,/api/external/,109.17,74,0,
2026-05-16T21:13:48.974683,GET,/api/external/,110.28,74,0,
2026-05-16T21:13:49.371780,PUT,/api/articles/1/,47.78,171,0,
2026-05-16T21:13:49.617130,GET,/api/articles/1/,10.57,171,0,
2026-05-16T21:13:49.786633,PUT,/api/articles/1/,51.16,171,0,
2026-05-16T21:13:49.833488,GET,/api/articles/1/,11.42,171,0,
2026-05-16T21:13:49.885824,POST,/api/queue/,11.95,68,0,
2026-05-16T21:13:50.034215,GET,/api/articles/1/,9.86,171,0,
2026-05-16T21:13:50.320001,GET,/api/external/,108.04,74,0,
2026-05-16T21:13:50.344802,GET,/api/cache/1/,9.37,171,0,
2026-05-16T21:13:50.485052,POST,/api/queue/,8.82,68,0,
2026-05-16T21:13:50.941122,GET,/api/articles/1/,12.03,171,0,
2026-05-16T21:13:51.145284,GET,/api/external/,110.52,74,0,
2026-05-16T21:13:51.209944,GET,/api/cache/1/,10.14,171,0,
2026-05-16T21:13:51.689677,GET,/api/external/,109.68,74,0,
2026-05-16T21:13:51.883136,GET,/api/external/,108.79,74,0,
2026-05-16T21:13:52.013304,POST,/api/queue/,8.56,68,0,
2026-05-16T21:13:52.117459,GET,/api/cache/1/,10.68,171,0,
2026-05-16T21:13:52.177215,PUT,/api/articles/1/,43.33,171,0,
2026-05-16T21:13:52.575245,POST,/api/queue/,13.67,68,0,
2026-05-16T21:13:52.575823,POST,/api/queue/,17.82,68,0,
2026-05-16T21:13:52.654061,PUT,/api/articles/1/,47.98,171,0,
2026-05-16T21:13:52.720260,PUT,/api/articles/1/,39.86,171,0,
2026-05-16T21:13:52.905571,GET,/api/cache/1/,9.73,171,0,
2026-05-16T21:13:53.343188,GET,/api/cache/1/,10.63,171,0,
2026-05-16T21:13:53.358391,GET,/api/cache/1/,11.85,171,0,
2026-05-16T21:13:53.675393,GET,/api/cache/1/,10.11,171,0,
2026-05-16T21:13:53.936567,PUT,/api/articles/1/,43.64,171,0,
2026-05-16T21:13:54.096476,POST,/api/queue/,9.29,68,0,
2026-05-16T21:13:54.115472,GET,/api/articles/1/,11.57,171,0,
2026-05-16T21:13:54.540256,GET,/api/cache/1/,10.12,171,0,
2026-05-16T21:13:54.574157,GET,/api/external/,108.09,73,0,
2026-05-16T21:13:54.685387,GET,/api/cache/1/,9.84,171,0,
2026-05-16T21:13:55.107828,POST,/api/queue/,15.08,68,0,
2026-05-16T21:13:55.430303,PUT,/api/articles/1/,338.07,171,0,
2026-05-16T21:13:55.456551,GET,/api/external/,109.31,74,0,
2026-05-16T21:13:55.812442,POST,/api/queue/,9.53,68,0,
2026-05-16T21:13:55.956299,GET,/api/external/,108.45,74,0,
2026-05-16T21:13:56.084337,GET,/api/cache/1/,10.54,171,0,
2026-05-16T21:13:56.614243,GET,/api/cache/1/,15.7,171,0,
2026-05-16T21:13:56.616009,GET,/api/articles/1/,15.57,171,0,
2026-05-16T21:13:56.761200,PUT,/api/articles/1/,55.81,171,0,
2026-05-16T21:13:57.020873,GET,/api/articles/1/,12.52,171,0,
2026-05-16T21:13:57.330739,GET,/api/cache/1/,12.02,171,0,
2026-05-16T21:13:57.527760,GET,/api/external/,109.26,74,0,
2026-05-16T21:13:57.629570,GET,/api/external/,111.15,74,0,
2026-05-16T21:13:57.737074,GET,/api/cache/1/,16.16,171,0,
2026-05-16T21:13:57.925581,GET,/api/external/,115.97,73,0,
2026-05-16T21:13:58.121714,GET,/api/external/,114.33,74,0,
2026-05-16T21:13:58.122792,POST,/api/queue/,98.55,68,0,
2026-05-16T21:13:58.394800,GET,/api/cache/1/,10.52,171,0,
2026-05-16T21:13:58.901858,GET,/api/cache/1/,13.83,171,0,
2026-05-16T21:13:59.311140,GET,/api/articles/1/,10.54,171,0,
2026-05-16T21:13:59.537275,GET,/api/external/,109.36,74,0,
2026-05-16T21:13:59.731800,GET,/api/external/,107.64,74,0,
2026-05-16T21:13:59.754828,PUT,/api/articles/1/,106.89,171,0,
2026-05-16T21:13:59.968633,GET,/api/articles/1/,9.91,171,0,
2026-05-16T21:14:00.217916,POST,/api/queue/,12.4,68,0,
2026-05-16T21:14:00.512638,GET,/api/external/,107.94,74,0,
2026-05-16T21:14:00.786257,POST,/api/queue/,18.78,68,0,
2026-05-16T21:14:00.788214,POST,/api/queue/,18.57,68,0,
2026-05-16T21:14:00.980137,GET,/api/articles/1/,11.27,171,0,
2026-05-16T21:14:01.056705,PUT,/api/articles/1/,54.14,171,0,
2026-05-16T21:14:01.154045,GET,/api/articles/1/,13.85,171,0,
2026-05-16T21:14:01.208298,GET,/api/articles/1/,11.89,171,0,
2026-05-16T21:14:01.710123,GET,/api/articles/1/,12.37,171,0,
2026-05-16T21:14:02.433029,GET,/api/cache/1/,10.8,171,0,
2026-05-16T21:14:02.446455,GET,/api/articles/1/,11.07,171,0,
2026-05-16T21:14:02.671838,GET,/api/cache/1/,10.72,171,0,
2026-05-16T21:14:02.718081,GET,/api/articles/1/,10.63,171,0,
2026-05-16T21:14:02.955382,GET,/api/external/,108.65,74,0,
2026-05-16T21:14:03.158892,GET,/api/cache/1/,10.67,171,0,
2026-05-16T21:14:03.504043,POST,/api/queue/,100.11,68,0,
2026-05-16T21:14:03.529139,GET,/api/articles/1/,85.06,171,0,
2026-05-16T21:14:03.729721,POST,/api/queue/,14.99,68,0,
2026-05-16T21:14:03.740177,GET,/api/articles/1/,17.78,171,0,
2026-05-16T21:14:03.938113,PUT,/api/articles/1/,47.3,171,0,
2026-05-16T21:14:04.266989,PUT,/api/articles/1/,49.75,171,0,
2026-05-16T21:14:04.778704,GET,/api/articles/1/,10.26,171,0,
2026-05-16T21:14:04.966306,GET,/api/cache/1/,9.96,171,0,
2026-05-16T21:14:05.130730,GET,/api/external/,108.82,74,0,
2026-05-16T21:14:05.224604,POST,/api/queue/,9.39,68,0,
2026-05-16T21:14:05.375428,GET,/api/cache/1/,17.31,171,0,
2026-05-16T21:14:05.421897,GET,/api/cache/1/,15.04,171,0,
2026-05-16T21:14:05.487048,POST,/api/queue/,11.73,68,0,
2026-05-16T21:14:05.709358,GET,/api/cache/1/,9.47,171,0,
2026-05-16T21:14:05.852282,GET,/api/external/,107.64,74,0,
2026-05-16T21:14:05.957395,GET,/api/cache/1/,14.71,171,0,
2026-05-16T21:14:05.959448,POST,/api/queue/,12.97,68,0,
2026-05-16T21:14:06.369302,PUT,/api/articles/1/,44.11,171,0,
2026-05-16T21:14:07.056769,GET,/api/articles/1/,10.59,171,0,
2026-05-16T21:14:07.177168,GET,/api/external/,107.99,74,0,
2026-05-16T21:14:07.257515,GET,/api/articles/1/,10.8,171,0,
2026-05-16T21:14:07.324481,GET,/api/articles/1/,16.61,171,0,
2026-05-16T21:14:07.423406,GET,/api/articles/1/,11.62,171,0,
2026-05-16T21:14:07.707912,GET,/api/cache/1/,14.62,171,0,
2026-05-16T21:14:07.768085,GET,/api/external/,113.77,74,0,
2026-05-16T21:14:07.943891,POST,/api/queue/,182.56,68,0,
2026-05-16T21:14:08.193525,GET,/api/articles/1/,17.01,171,0,
2026-05-16T21:14:08.234061,PUT,/api/articles/1/,54.75,171,0,
2026-05-16T21:14:08.293687,GET,/api/cache/1/,11.36,171,0,
2026-05-16T21:14:08.456778,GET,/api/articles/1/,16.49,171,0,
2026-05-16T21:14:09.486534,GET,/api/external/,111.51,74,0,
2026-05-16T21:14:09.526778,POST,/api/queue/,28.63,68,0,
2026-05-16T21:14:09.858315,GET,/api/external/,108.68,74,0,
2026-05-16T21:14:10.199534,GET,/api/articles/1/,11.41,171,0,
2026-05-16T21:14:10.273323,GET,/api/articles/1/,15.19,171,0,
2026-05-16T21:14:10.373040,GET,/api/external/,110.95,74,0,
2026-05-16T21:14:10.458936,POST,/api/queue/,10.35,68,0,
2026-05-16T21:14:11.047827,GET,/api/external/,108.59,74,0,
2026-05-16T21:14:11.104287,GET,/api/articles/1/,14.19,171,0,
2026-05-16T21:14:11.135602,GET,/api/cache/1/,10.04,171,0,
2026-05-16T21:14:11.172456,GET,/api/external/,108.27,74,0,
2026-05-16T21:14:11.457208,PUT,/api/articles/1/,54.92,171,0,
2026-05-16T21:14:11.489131,PUT,/api/articles/1/,48.5,171,0,
2026-05-16T21:14:11.854974,GET,/api/external/,108.02,74,0,
2026-05-16T21:14:12.420204,POST,/api/queue/,9.0,68,0,
2026-05-16T21:14:12.509748,POST,/api/queue/,9.89,68,0,
2026-05-16T21:14:12.586591,POST,/api/queue/,10.39,68,0,
2026-05-16T21:14:12.593561,GET,/api/articles/1/,12.56,171,0,
2026-05-16T21:14:12.684870,GET,/api/articles/1/,9.77,171,0,
2026-05-16T21:14:12.929942,GET,/api/external/,107.63,74,0,
2026-05-16T21:14:13.293534,GET,/api/external/,110.03,74,0,
2026-05-16T21:14:13.509738,POST,/api/queue/,9.13,68,0,
2026-05-16T21:14:13.854624,PUT,/api/articles/1/,39.03,171,0,
2026-05-16T21:14:14.988209,PUT,/api/articles/1/,48.52,171,0,
2026-05-16T21:14:15.106661,GET,/api/external/,108.96,74,0,
2026-05-16T21:14:15.195804,GET,/api/articles/1/,13.55,171,0,
2026-05-16T21:14:15.226113,PUT,/api/articles/1/,50.88,171,0,
2026-05-16T21:14:15.451825,GET,/api/cache/1/,14.9,171,0,
2026-05-16T21:14:15.716556,PUT,/api/articles/1/,57.85,171,0,
2026-05-16T21:14:16.035383,POST,/api/queue/,11.16,68,0,
2026-05-16T21:14:16.295481,GET,/api/articles/1/,10.55,171,0,
2026-05-16T21:14:16.461683,GET,/api/external/,110.59,73,0,
2026-05-16T21:14:16.505427,PUT,/api/articles/1/,52.1,171,0,
2026-05-16T21:14:17.153258,GET,/api/cache/1/,10.44,171,0,
2026-05-16T21:14:17.259846,PUT,/api/articles/1/,52.09,171,0,
2026-05-16T21:14:17.351858,POST,/api/queue/,9.44,68,0,
2026-05-16T21:14:17.431278,GET,/api/cache/1/,9.45,171,0,
2026-05-16T21:26:22.058228,GET,/api/external/,10029.56,0,1,IO-3 failed: 0
2026-05-16T21:26:22.696855,GET,/api/cache/1/,10029.94,0,1,IO-4 failed: 0
2026-05-16T21:26:22.720836,GET,/api/cache/1/,10026.27,0,1,IO-4 failed: 0
2026-05-16T21:26:23.146550,GET,/api/cache/1/,10028.39,0,1,IO-4 failed: 0
2026-05-16T21:26:32.010747,PUT,/api/articles/1/,10030.17,0,1,IO-2 failed: 0
2026-05-16T21:26:32.514430,GET,/api/articles/1/,10029.76,0,1,IO-1 failed: 0
2026-05-16T21:26:32.515693,GET,/api/cache/1/,10022.38,0,1,IO-4 failed: 0
2026-05-16T21:26:32.901177,PUT,/api/articles/1/,10028.0,0,1,IO-2 failed: 0
2026-05-16T21:26:33.285995,GET,/api/external/,10032.9,0,1,IO-3 failed: 0
2026-05-16T21:26:33.470833,GET,/api/articles/1/,10029.71,0,1,IO-1 failed: 0
2026-05-16T21:26:33.643635,GET,/api/external/,10026.46,0,1,IO-3 failed: 0
2026-05-16T21:26:34.911239,PUT,/api/articles/1/,10029.63,0,1,IO-2 failed: 0
2026-05-16T21:26:35.698140,PUT,/api/articles/1/,10028.47,0,1,IO-2 failed: 0
2026-05-16T21:26:35.747903,GET,/api/articles/1/,10027.75,0,1,IO-1 failed: 0
2026-05-16T21:26:43.080028,GET,/api/cache/1/,10031.07,0,1,IO-4 failed: 0
2026-05-16T21:26:43.702835,GET,/api/cache/1/,10029.74,0,1,IO-4 failed: 0
2026-05-16T21:26:44.212988,GET,/api/external/,10027.9,0,1,IO-3 failed: 0
2026-05-16T21:26:44.305348,GET,/api/articles/1/,10032.57,0,1,IO-1 failed: 0
2026-05-16T21:26:45.450306,GET,/api/external/,10025.83,0,1,IO-3 failed: 0
2026-05-16T21:26:45.609375,POST,/api/queue/,10030.5,0,1,IO-5 failed: 0
2026-05-16T21:26:45.996896,POST,/api/queue/,10025.25,0,1,IO-5 failed: 0
2026-05-16T21:26:46.196556,GET,/api/external/,10027.72,0,1,IO-3 failed: 0
2026-05-16T21:26:47.856510,GET,/api/articles/1/,10020.97,0,1,IO-1 failed: 0
2026-05-16T21:26:47.896806,POST,/api/queue/,10024.47,0,1,IO-5 failed: 0
2026-05-16T21:26:55.772122,PUT,/api/articles/1/,10033.46,0,1,IO-2 failed: 0
2026-05-16T21:26:56.321257,GET,/api/cache/1/,10029.05,0,1,IO-4 failed: 0
2026-05-16T21:26:56.465741,GET,/api/cache/1/,10031.48,0,1,IO-4 failed: 0
2026-05-16T21:26:56.789735,GET,/api/external/,10027.03,0,1,IO-3 failed: 0
2026-05-16T21:26:57.392495,GET,/api/external/,10031.51,0,1,IO-3 failed: 0
2026-05-16T21:26:58.031016,GET,/api/articles/1/,10024.69,0,1,IO-1 failed: 0
2026-05-16T21:26:58.564298,GET,/api/cache/1/,10026.05,0,1,IO-4 failed: 0
2026-05-16T21:26:59.177134,PUT,/api/articles/1/,10025.0,0,1,IO-2 failed: 0
2026-05-16T21:27:00.948751,GET,/api/external/,10025.29,0,1,IO-3 failed: 0
2026-05-16T21:27:01.226147,GET,/api/cache/1/,10028.09,0,1,IO-4 failed: 0
2026-05-16T21:27:07.640319,GET,/api/articles/1/,10026.87,0,1,IO-1 failed: 0
2026-05-16T21:27:08.186590,GET,/api/cache/1/,10029.96,0,1,IO-4 failed: 0
2026-05-16T21:27:08.797118,PUT,/api/articles/1/,10026.91,0,1,IO-2 failed: 0
2026-05-16T21:27:08.873008,GET,/api/articles/1/,10028.04,0,1,IO-1 failed: 0
2026-05-16T21:27:09.333624,PUT,/api/articles/1/,10027.82,0,1,IO-2 failed: 0
2026-05-16T21:27:09.677029,GET,/api/external/,10024.9,0,1,IO-3 failed: 0
2026-05-16T21:27:10.366579,GET,/api/articles/1/,10030.34,0,1,IO-1 failed: 0
2026-05-16T21:27:11.027727,PUT,/api/articles/1/,10025.6,0,1,IO-2 failed: 0
2026-05-16T21:27:12.427759,GET,/api/articles/1/,10028.08,0,1,IO-1 failed: 0
2026-05-16T21:27:12.456679,PUT,/api/articles/1/,10025.21,0,1,IO-2 failed: 0
2026-05-16T21:27:18.846137,GET,/api/external/,10026.65,0,1,IO-3 failed: 0
2026-05-16T21:27:19.296616,GET,/api/cache/1/,10026.48,0,1,IO-4 failed: 0
2026-05-16T21:27:21.093080,GET,/api/cache/1/,10024.85,0,1,IO-4 failed: 0
2026-05-16T21:27:21.304431,GET,/api/cache/1/,10023.98,0,1,IO-4 failed: 0
2026-05-16T21:27:21.660831,GET,/api/cache/1/,10026.31,0,1,IO-4 failed: 0
2026-05-16T21:27:22.294967,GET,/api/external/,10030.41,0,1,IO-3 failed: 0
2026-05-16T21:27:22.371739,POST,/api/queue/,10029.04,0,1,IO-5 failed: 0
2026-05-16T21:27:22.503973,GET,/api/external/,10017.98,0,1,IO-3 failed: 0
2026-05-16T21:27:24.659124,GET,/api/articles/1/,10030.96,0,1,IO-1 failed: 0
2026-05-16T21:27:25.655094,POST,/api/queue/,10024.94,0,1,IO-5 failed: 0
2026-05-16T21:27:32.105430,GET,/api/external/,10030.63,0,1,IO-3 failed: 0
2026-05-16T21:27:32.421913,GET,/api/cache/1/,10023.97,0,1,IO-4 failed: 0
2026-05-16T21:27:33.223785,GET,/api/articles/1/,10027.9,0,1,IO-1 failed: 0
2026-05-16T21:27:33.466977,GET,/api/cache/1/,10028.47,0,1,IO-4 failed: 0
2026-05-16T21:27:33.687828,GET,/api/external/,10024.25,0,1,IO-3 failed: 0
2026-05-16T21:27:34.536109,GET,/api/articles/1/,10030.04,0,1,IO-1 failed: 0
2026-05-16T21:27:35.284698,GET,/api/articles/1/,10034.56,0,1,IO-1 failed: 0
2026-05-16T21:27:35.326423,GET,/api/external/,10031.93,0,1,IO-3 failed: 0
2026-05-16T21:27:37.240770,POST,/api/queue/,10027.38,0,1,IO-5 failed: 0
2026-05-16T21:27:38.392385,GET,/api/articles/1/,10025.59,0,1,IO-1 failed: 0
2026-05-16T21:27:43.581439,GET,/api/articles/1/,10029.81,0,1,IO-1 failed: 0
2026-05-16T21:27:44.346232,GET,/api/cache/1/,10029.59,0,1,IO-4 failed: 0
2026-05-16T21:27:45.099968,GET,/api/cache/1/,10030.54,0,1,IO-4 failed: 0
2026-05-16T21:27:45.456298,GET,/api/cache/1/,10030.41,0,1,IO-4 failed: 0
2026-05-16T21:27:45.657743,GET,/api/cache/1/,10025.54,0,1,IO-4 failed: 0
2026-05-16T21:27:47.144407,GET,/api/articles/1/,10028.65,0,1,IO-1 failed: 0
2026-05-16T21:27:47.388095,GET,/api/articles/1/,10024.73,0,1,IO-1 failed: 0
2026-05-16T21:27:47.923477,GET,/api/articles/1/,10029.61,0,1,IO-1 failed: 0
2026-05-16T21:27:48.502825,GET,/api/articles/1/,10033.22,0,1,IO-1 failed: 0
2026-05-16T21:27:49.516795,GET,/api/external/,10071.74,0,1,IO-3 failed: 0
2026-05-16T21:31:38.036620,GET,/api/external/,116.76,74,0,
2026-05-16T21:31:38.044609,PUT,/api/articles/1/,43.35,171,0,
2026-05-16T21:31:38.914043,GET,/api/articles/1/,15.93,171,0,
2026-05-16T21:31:39.014885,GET,/api/external/,108.93,74,0,
2026-05-16T21:31:39.510317,PUT,/api/articles/1/,55.71,171,0,
2026-05-16T21:31:39.542481,POST,/api/queue/,9.91,68,0,
2026-05-16T21:31:39.554528,GET,/api/articles/1/,15.19,171,0,
2026-05-16T21:31:39.871389,PUT,/api/articles/1/,46.99,171,0,
2026-05-16T21:31:39.926144,GET,/api/cache/1/,9.27,171,0,
2026-05-16T21:31:40.195988,GET,/api/cache/1/,10.1,171,0,
2026-05-16T21:31:40.206841,PUT,/api/articles/1/,46.85,171,0,
2026-05-16T21:31:40.321159,GET,/api/cache/1/,9.34,171,0,
2026-05-16T21:31:40.824234,PUT,/api/articles/1/,54.82,171,0,
2026-05-16T21:31:41.188716,POST,/api/queue/,13.54,68,0,
2026-05-16T21:31:41.587257,POST,/api/queue/,308.69,68,0,
2026-05-16T21:31:41.595514,POST,/api/queue/,70.88,68,0,
2026-05-16T21:31:41.641234,PUT,/api/articles/1/,202.42,171,0,
2026-05-16T21:31:42.176660,GET,/api/articles/1/,14.33,171,0,
2026-05-16T21:31:42.282501,POST,/api/queue/,8.95,68,0,
2026-05-16T21:31:42.490277,GET,/api/external/,110.38,74,0,
2026-05-16T21:31:42.503797,GET,/api/cache/1/,9.24,171,0,
2026-05-16T21:31:42.724877,PUT,/api/articles/1/,44.36,171,0,
2026-05-16T21:31:42.846136,GET,/api/external/,108.06,74,0,
2026-05-16T21:31:43.126019,GET,/api/external/,107.5,74,0,
2026-05-16T21:31:43.279284,PUT,/api/articles/1/,41.9,171,0,
2026-05-16T21:31:43.414245,GET,/api/cache/1/,9.42,171,0,
2026-05-16T21:31:43.644413,POST,/api/queue/,14.76,68,0,
2026-05-16T21:31:44.172017,POST,/api/queue/,11.93,68,0,
2026-05-16T21:31:44.244398,PUT,/api/articles/1/,47.02,171,0,
2026-05-16T21:31:44.271207,PUT,/api/articles/1/,72.03,171,0,
2026-05-16T21:31:44.393768,GET,/api/articles/1/,16.13,171,0,
2026-05-16T21:31:44.640879,GET,/api/external/,107.58,74,0,
2026-05-16T21:31:44.823045,GET,/api/external/,111.4,74,0,
2026-05-16T21:31:44.987219,GET,/api/articles/1/,18.42,171,0,
2026-05-16T21:31:45.192601,GET,/api/cache/1/,10.55,171,0,
2026-05-16T21:31:45.336138,POST,/api/queue/,16.92,68,0,
2026-05-16T21:31:45.606267,POST,/api/queue/,16.48,68,0,
2026-05-16T21:31:45.714192,GET,/api/cache/1/,9.32,171,0,
2026-05-16T21:31:46.228459,POST,/api/queue/,16.71,68,0,
2026-05-16T21:31:46.388569,PUT,/api/articles/1/,54.48,171,0,
2026-05-16T21:31:46.599596,PUT,/api/articles/1/,50.13,171,0,
2026-05-16T21:31:46.859778,GET,/api/external/,107.68,74,0,
2026-05-16T21:31:46.920623,GET,/api/cache/1/,9.44,171,0,
2026-05-16T21:31:47.098468,POST,/api/queue/,20.25,68,0,
2026-05-16T21:31:47.115004,GET,/api/articles/1/,15.07,171,0,
2026-05-16T21:31:47.187381,GET,/api/articles/1/,18.01,171,0,
2026-05-16T21:31:47.273472,POST,/api/queue/,8.52,68,0,
2026-05-16T21:31:48.088068,GET,/api/external/,113.72,74,0,
2026-05-16T21:31:48.241758,GET,/api/cache/1/,14.08,171,0,
2026-05-16T21:31:48.387006,GET,/api/external/,107.55,74,0,
2026-05-16T21:31:49.436783,GET,/api/articles/1/,19.94,171,0,
2026-05-16T21:31:49.513046,GET,/api/external/,108.9,74,0,
2026-05-16T21:31:49.812811,GET,/api/cache/1/,13.52,171,0,
2026-05-16T21:31:50.045790,GET,/api/cache/1/,9.23,171,0,
2026-05-16T21:31:50.122800,GET,/api/cache/1/,9.7,171,0,
2026-05-16T21:31:50.131997,GET,/api/external/,107.35,73,0,
2026-05-16T21:31:50.350213,PUT,/api/articles/1/,41.6,171,0,
2026-05-16T21:31:50.550242,PUT,/api/articles/1/,55.34,171,0,
2026-05-16T21:31:50.578315,PUT,/api/articles/1/,49.44,171,0,
2026-05-16T21:31:50.743269,GET,/api/cache/1/,10.67,171,0,
2026-05-16T21:31:51.119095,GET,/api/articles/1/,13.91,171,0,
2026-05-16T21:31:51.493070,GET,/api/articles/1/,17.18,171,0,
2026-05-16T21:31:51.730384,GET,/api/cache/1/,9.45,171,0,
2026-05-16T21:31:51.996382,POST,/api/queue/,54.54,68,0,
2026-05-16T21:31:51.997397,PUT,/api/articles/1/,150.38,171,0,
2026-05-16T21:31:52.050172,PUT,/api/articles/1/,53.58,171,0,
2026-05-16T21:31:52.622817,GET,/api/articles/1/,14.93,171,0,
2026-05-16T21:31:52.649255,GET,/api/external/,110.76,74,0,
2026-05-16T21:31:52.721870,GET,/api/articles/1/,14.18,171,0,
2026-05-16T21:31:53.182169,GET,/api/articles/1/,14.45,171,0,
2026-05-16T21:31:53.310205,GET,/api/external/,107.59,74,0,
2026-05-16T21:31:53.758109,GET,/api/external/,107.85,74,0,
2026-05-16T21:31:53.933182,POST,/api/queue/,71.78,68,0,
2026-05-16T21:31:53.935201,PUT,/api/articles/1/,145.65,171,0,
2026-05-16T21:31:54.088685,GET,/api/cache/1/,10.74,171,0,
2026-05-16T21:31:54.228172,GET,/api/cache/1/,9.63,171,0,
2026-05-16T21:31:54.391560,GET,/api/articles/1/,23.92,171,0,
2026-05-16T21:31:54.476957,GET,/api/cache/1/,18.65,171,0,
2026-05-16T21:31:54.809570,PUT,/api/articles/1/,60.94,171,0,
2026-05-16T21:31:55.124413,POST,/api/queue/,9.1,68,0,
2026-05-16T21:31:55.143632,POST,/api/queue/,7.9,68,0,
2026-05-16T21:31:55.192114,GET,/api/articles/1/,13.93,171,0,
2026-05-16T21:31:55.409273,GET,/api/cache/1/,9.75,171,0,
2026-05-16T21:31:55.847713,PUT,/api/articles/1/,48.93,171,0,
2026-05-16T21:31:55.896525,GET,/api/cache/1/,9.65,171,0,
2026-05-16T21:31:55.907120,PUT,/api/articles/1/,48.18,171,0,
2026-05-16T21:31:56.004403,GET,/api/cache/1/,9.6,171,0,
2026-05-16T21:31:56.650632,GET,/api/articles/1/,13.95,171,0,
2026-05-16T21:31:57.099580,GET,/api/cache/1/,9.57,171,0,
2026-05-16T21:31:57.246890,GET,/api/external/,111.83,74,0,
2026-05-16T21:31:57.555695,POST,/api/queue/,113.25,68,0,
2026-05-16T21:31:57.663769,GET,/api/articles/1/,18.46,171,0,
2026-05-16T21:31:57.670031,GET,/api/cache/1/,12.92,171,0,
2026-05-16T21:31:58.069286,POST,/api/queue/,8.86,68,0,
2026-05-16T21:31:58.096950,POST,/api/queue/,8.26,68,0,
2026-05-16T21:31:58.433062,GET,/api/articles/1/,22.96,171,0,
2026-05-16T21:31:58.691589,GET,/api/cache/1/,9.89,171,0,
2026-05-16T21:31:59.370777,GET,/api/articles/1/,13.58,171,0,
2026-05-16T21:31:59.522804,GET,/api/external/,107.57,74,0,
2026-05-16T21:31:59.586563,GET,/api/external/,113.67,74,0,
2026-05-16T21:31:59.645576,GET,/api/cache/1/,9.34,171,0,
2026-05-16T21:31:59.788436,PUT,/api/articles/1/,59.53,171,0,
2026-05-16T21:31:59.914133,GET,/api/external/,107.34,74,0,
2026-05-16T21:32:00.166603,POST,/api/queue/,9.51,68,0,
2026-05-16T21:32:00.190100,GET,/api/cache/1/,9.23,171,0,
2026-05-16T21:32:00.455628,GET,/api/cache/1/,16.61,171,0,
2026-05-16T21:32:00.852309,POST,/api/queue/,12.52,68,0,
2026-05-16T21:32:01.055128,GET,/api/external/,109.49,74,0,
2026-05-16T21:32:01.057251,PUT,/api/articles/1/,55.47,171,0,
2026-05-16T21:32:01.212599,GET,/api/articles/1/,13.97,171,0,
2026-05-16T21:32:01.394085,GET,/api/external/,109.15,74,0,
2026-05-16T21:32:02.166664,POST,/api/queue/,8.78,68,0,
2026-05-16T21:32:02.368537,POST,/api/queue/,9.17,68,0,
2026-05-16T21:32:02.404454,POST,/api/queue/,11.62,68,0,
2026-05-16T21:32:02.415219,GET,/api/articles/1/,18.61,171,0,
2026-05-16T21:32:02.684271,GET,/api/cache/1/,11.49,171,0,
2026-05-16T21:32:02.708638,PUT,/api/articles/1/,43.74,171,0,
2026-05-16T21:32:03.154551,GET,/api/cache/1/,9.89,171,0,
2026-05-16T21:32:03.170695,POST,/api/queue/,7.84,68,0,
2026-05-16T21:32:03.188981,POST,/api/queue/,8.08,68,0,
2026-05-16T21:32:03.510051,GET,/api/external/,108.38,74,0,
2026-05-16T21:32:04.070148,GET,/api/external/,107.91,74,0,
2026-05-16T21:32:04.263620,GET,/api/articles/1/,20.8,171,0,
2026-05-16T21:32:04.344595,GET,/api/cache/1/,9.5,171,0,
2026-05-16T21:32:04.524900,PUT,/api/articles/1/,48.29,171,0,
2026-05-16T21:32:04.781169,GET,/api/cache/1/,9.56,171,0,
2026-05-16T21:32:04.860937,GET,/api/external/,116.33,74,0,
2026-05-16T21:32:05.095935,POST,/api/queue/,9.1,68,0,
2026-05-16T21:32:05.219831,PUT,/api/articles/1/,45.37,171,0,
2026-05-16T21:32:05.361562,GET,/api/external/,113.16,74,0,
2026-05-16T21:32:05.986794,GET,/api/external/,108.06,74,0,
2026-05-16T21:32:06.178836,GET,/api/external/,110.26,74,0,
2026-05-16T21:32:06.345471,POST,/api/queue/,8.99,68,0,
2026-05-16T21:32:06.857089,GET,/api/external/,115.58,74,0,
2026-05-16T21:32:07.198373,GET,/api/cache/1/,12.2,171,0,
2026-05-16T21:32:07.285394,GET,/api/cache/1/,9.36,171,0,
2026-05-16T21:32:07.298303,GET,/api/external/,111.72,74,0,
2026-05-16T21:32:07.732019,POST,/api/queue/,103.67,68,0,
2026-05-16T21:32:07.841597,GET,/api/external/,143.3,73,0,
2026-05-16T21:32:07.844467,GET,/api/cache/1/,11.69,171,0,
2026-05-16T21:32:08.084205,POST,/api/queue/,8.94,68,0,
2026-05-16T21:32:08.106287,POST,/api/queue/,7.79,68,0,
2026-05-16T21:32:08.838858,GET,/api/external/,111.94,72,0,
2026-05-16T21:32:09.115304,GET,/api/articles/1/,19.6,171,0,
2026-05-16T21:32:09.129171,POST,/api/queue/,8.5,68,0,
2026-05-16T21:32:09.428722,GET,/api/external/,109.91,74,0,
2026-05-16T21:32:09.519372,GET,/api/articles/1/,14.17,171,0,
2026-05-16T21:32:09.644011,GET,/api/external/,108.23,74,0,
2026-05-16T21:32:09.710049,GET,/api/external/,112.24,74,0,
2026-05-16T21:32:10.020125,PUT,/api/articles/1/,46.04,171,0,
2026-05-16T21:32:10.184292,GET,/api/cache/1/,12.59,171,0,
2026-05-16T21:32:10.576423,GET,/api/articles/1/,13.92,171,0,
2026-05-16T21:32:10.789285,GET,/api/articles/1/,13.43,171,0,
2026-05-16T21:32:10.874298,GET,/api/cache/1/,11.37,171,0,
2026-05-16T21:32:11.168068,GET,/api/articles/1/,19.08,171,0,
2026-05-16T21:32:11.176091,GET,/api/articles/1/,17.94,171,0,
2026-05-16T21:32:11.208029,GET,/api/external/,111.92,73,0,
2026-05-16T21:32:11.208930,POST,/api/queue/,29.64,68,0,
2026-05-16T21:32:11.699082,GET,/api/cache/1/,14.81,171,0,
2026-05-16T21:32:11.832796,PUT,/api/articles/1/,57.2,171,0,
2026-05-16T21:32:12.604197,POST,/api/queue/,8.8,68,0,
2026-05-16T21:32:12.787530,PUT,/api/articles/1/,42.54,171,0,
2026-05-16T21:32:12.871482,GET,/api/cache/1/,9.41,171,0,
2026-05-16T21:32:13.065229,GET,/api/articles/1/,14.05,171,0,
2026-05-16T21:32:13.106501,GET,/api/articles/1/,14.06,171,0,
2026-05-16T21:32:13.470350,PUT,/api/articles/1/,54.94,171,0,
2026-05-16T21:32:13.536533,GET,/api/cache/1/,9.77,171,0,
2026-05-16T21:32:13.670182,PUT,/api/articles/1/,56.26,171,0,
2026-05-16T21:32:13.813402,POST,/api/queue/,9.76,68,0,
2026-05-16T21:32:14.022233,PUT,/api/articles/1/,41.12,171,0,
2026-05-16T21:32:14.053495,POST,/api/queue/,8.78,68,0,
2026-05-16T21:32:14.522283,PUT,/api/articles/1/,47.66,171,0,
2026-05-16T21:32:14.757833,GET,/api/external/,121.09,73,0,
2026-05-16T21:32:15.015719,GET,/api/external/,108.0,74,0,
2026-05-16T21:32:15.131688,PUT,/api/articles/1/,37.2,171,0,
2026-05-16T21:32:15.434280,GET,/api/external/,113.76,74,0,
2026-05-16T21:32:15.580769,PUT,/api/articles/1/,56.99,171,0,
2026-05-16T21:32:15.586470,POST,/api/queue/,11.85,68,0,
2026-05-16T21:32:15.814474,POST,/api/queue/,10.09,68,0,
2026-05-16T21:32:15.821289,GET,/api/cache/1/,13.1,171,0,
2026-05-16T21:32:15.830100,GET,/api/cache/1/,9.55,171,0,
2026-05-16T21:32:15.945045,GET,/api/cache/1/,13.11,171,0,
2026-05-16T21:32:16.479055,PUT,/api/articles/1/,47.16,171,0,
2026-05-16T21:32:17.071508,POST,/api/queue/,8.93,68,0,
2026-05-16T21:32:17.111963,POST,/api/queue/,8.02,68,0,
2026-05-16T21:32:17.225226,GET,/api/cache/1/,9.01,171,0,
2026-05-16T21:32:17.315696,GET,/api/external/,107.33,74,0,
2026-05-16T21:32:17.563869,GET,/api/articles/1/,14.33,171,0,
2026-05-16T21:32:17.791876,POST,/api/queue/,8.12,68,0,
2026-05-16T21:32:17.861608,POST,/api/queue/,10.32,68,0,
2026-05-16T21:32:18.062891,GET,/api/external/,108.92,74,0,
2026-05-16T21:32:18.394636,POST,/api/queue/,10.85,68,0,
2026-05-16T21:32:18.416066,POST,/api/queue/,7.98,68,0,
2026-05-16T21:32:18.943013,GET,/api/external/,113.6,74,0,
2026-05-16T21:32:18.946620,PUT,/api/articles/1/,44.93,171,0,
2026-05-16T21:32:19.177814,GET,/api/external/,107.86,74,0,
2026-05-16T21:32:19.207184,GET,/api/articles/1/,14.0,171,0,
2026-05-16T21:32:19.741759,GET,/api/external/,107.71,74,0,
2026-05-16T21:32:19.752945,GET,/api/external/,108.14,74,0,
2026-05-16T21:32:19.877615,POST,/api/queue/,9.2,68,0,
2026-05-16T21:32:20.084665,PUT,/api/articles/1/,47.68,171,0,
2026-05-16T21:32:20.189873,PUT,/api/articles/1/,40.83,171,0,
2026-05-16T21:32:20.291965,GET,/api/cache/1/,9.49,171,0,
2026-05-16T21:32:20.442199,PUT,/api/articles/1/,48.77,171,0,
2026-05-16T21:32:20.996146,PUT,/api/articles/1/,42.66,171,0,
2026-05-16T21:32:21.020735,GET,/api/external/,107.31,73,0,
2026-05-16T21:32:21.279224,GET,/api/articles/1/,18.62,171,0,
2026-05-16T21:32:21.411134,GET,/api/external/,107.59,74,0,
2026-05-16T21:32:21.553583,GET,/api/cache/1/,10.18,171,0,
2026-05-16T21:32:22.606276,POST,/api/queue/,10.36,68,0,
2026-05-16T21:32:22.655952,POST,/api/queue/,12.81,68,0,
2026-05-16T21:32:22.743985,POST,/api/queue/,8.75,68,0,
2026-05-16T21:32:23.225469,GET,/api/external/,108.34,74,0,
2026-05-16T21:32:23.554860,GET,/api/external/,108.73,74,0,
2026-05-16T21:32:23.654498,POST,/api/queue/,10.79,68,0,
2026-05-16T21:32:23.764376,GET,/api/cache/1/,9.44,171,0,
2026-05-16T21:32:23.980043,GET,/api/external/,108.15,74,0,
2026-05-16T21:32:24.141606,PUT,/api/articles/1/,50.96,171,0,
2026-05-16T21:32:24.277677,POST,/api/queue/,9.11,68,0,
2026-05-16T21:32:24.313297,GET,/api/articles/1/,15.3,171,0,
2026-05-16T21:32:25.149548,POST,/api/queue/,9.53,68,0,
2026-05-16T21:32:25.383958,GET,/api/articles/1/,14.71,171,0,
2026-05-16T21:32:25.542954,GET,/api/articles/1/,15.36,171,0,
2026-05-16T21:32:25.609435,PUT,/api/articles/1/,49.23,171,0,
2026-05-16T21:32:25.675962,PUT,/api/articles/1/,111.92,171,0,
2026-05-16T21:32:25.699535,GET,/api/cache/1/,10.34,171,0,
2026-05-16T21:32:25.984854,GET,/api/articles/1/,15.73,171,0,
2026-05-16T21:32:26.096834,GET,/api/articles/1/,14.41,171,0,
2026-05-16T21:32:26.552535,GET,/api/articles/1/,15.86,171,0,
2026-05-16T21:32:26.570712,GET,/api/cache/1/,10.9,171,0,
2026-05-16T21:32:26.602010,GET,/api/cache/1/,9.95,171,0,
2026-05-16T21:32:26.850997,GET,/api/external/,107.6,74,0,
2026-05-16T21:32:27.302295,GET,/api/cache/1/,9.22,171,0,
2026-05-16T21:32:27.397664,GET,/api/external/,108.46,74,0,
2026-05-16T21:32:27.712351,GET,/api/articles/1/,15.25,171,0,
2026-05-16T21:32:27.791413,PUT,/api/articles/1/,154.23,171,0,
2026-05-16T21:32:27.791839,POST,/api/queue/,64.17,68,0,
2026-05-16T21:32:27.810193,GET,/api/cache/1/,10.06,171,0,
2026-05-16T21:32:28.280570,GET,/api/external/,107.68,74,0,
2026-05-16T21:32:28.518826,GET,/api/cache/1/,10.63,171,0,
2026-05-16T21:32:28.594273,GET,/api/external/,109.03,74,0,
2026-05-16T21:32:28.612588,GET,/api/cache/1/,10.99,171,0,
2026-05-16T21:32:28.992388,PUT,/api/articles/1/,48.13,171,0,
2026-05-16T21:32:29.573320,GET,/api/cache/1/,10.75,171,0,
2026-05-16T21:32:30.009265,GET,/api/articles/1/,15.89,171,0,
2026-05-16T21:32:30.088248,POST,/api/queue/,9.66,68,0,
2026-05-16T21:32:30.173153,PUT,/api/articles/1/,68.63,171,0,
2026-05-16T21:32:30.228775,GET,/api/external/,108.19,74,0,
2026-05-16T21:32:30.711746,PUT,/api/articles/1/,72.96,171,0,
2026-05-16T21:32:31.246577,GET,/api/external/,168.98,73,0,
2026-05-16T21:32:31.247033,POST,/api/queue/,96.45,68,0,
2026-05-16T21:32:31.351080,GET,/api/articles/1/,14.75,171,0,
2026-05-16T21:32:31.487660,PUT,/api/articles/1/,58.04,171,0,
2026-05-16T21:32:31.519103,POST,/api/queue/,9.12,68,0,
2026-05-16T21:32:31.591628,POST,/api/queue/,9.2,68,0,
2026-05-16T21:32:31.617816,GET,/api/cache/1/,10.82,171,0,
2026-05-16T21:32:31.745403,GET,/api/external/,108.31,74,0,
2026-05-16T21:32:32.338913,GET,/api/articles/1/,14.06,171,0,
2026-05-16T21:32:32.502570,POST,/api/queue/,9.05,68,0,
2026-05-16T21:32:33.438463,GET,/api/cache/1/,13.44,171,0,
2026-05-16T21:32:33.659587,GET,/api/external/,118.77,74,0,
2026-05-16T21:32:33.726610,GET,/api/cache/1/,44.4,171,0,
2026-05-16T21:32:33.753813,GET,/api/external/,120.73,74,0,
2026-05-16T21:32:33.777920,GET,/api/external/,132.36,74,0,
2026-05-16T21:32:33.930608,PUT,/api/articles/1/,73.71,171,0,
2026-05-16T21:32:34.075377,GET,/api/articles/1/,20.88,171,0,
2026-05-16T21:32:34.394194,PUT,/api/articles/1/,49.91,171,0,
2026-05-16T21:32:34.713094,POST,/api/queue/,9.54,68,0,
2026-05-16T21:32:34.903435,POST,/api/queue/,9.49,68,0,
2026-05-16T21:32:35.511369,POST,/api/queue/,16.97,68,0,
2026-05-16T21:32:35.669007,GET,/api/cache/1/,11.8,171,0,
2026-05-16T21:32:35.980991,GET,/api/external/,109.26,74,0,
2026-05-16T21:32:36.437285,PUT,/api/articles/1/,49.07,171,0,
2026-05-16T21:32:36.467793,GET,/api/external/,109.53,74,0,
2026-05-16T21:32:36.525085,GET,/api/articles/1/,14.82,171,0,
2026-05-16T21:32:36.627281,GET,/api/articles/1/,13.96,171,0,
2026-05-16T21:32:36.638365,GET,/api/external/,107.01,74,0,
2026-05-16T21:32:36.654405,POST,/api/queue/,8.76,68,0,
2026-05-16T21:32:37.334535,GET,/api/external/,107.72,74,0,
2026-05-16T21:32:37.364245,POST,/api/queue/,9.4,68,0,
2026-05-16T21:32:37.614225,PUT,/api/articles/1/,50.28,171,0,
2026-05-16T21:32:37.827661,PUT,/api/articles/1/,66.55,171,0,
2026-05-16T21:32:37.989625,GET,/api/articles/1/,20.12,171,0,
2026-05-16T21:32:38.454557,GET,/api/articles/1/,15.17,171,0,
2026-05-16T21:32:38.888620,GET,/api/articles/1/,19.1,171,0,
2026-05-16T21:32:38.910907,GET,/api/external/,108.58,73,0,
2026-05-16T21:32:39.114216,GET,/api/cache/1/,10.48,171,0,
2026-05-16T21:32:39.204356,PUT,/api/articles/1/,125.79,171,0,
2026-05-16T21:32:39.367127,GET,/api/external/,112.17,74,0,
2026-05-16T21:32:39.656915,PUT,/api/articles/1/,46.17,171,0,
2026-05-16T21:32:39.726061,PUT,/api/articles/1/,52.75,171,0,
2026-05-16T21:32:39.984952,GET,/api/external/,108.23,74,0,
2026-05-16T21:32:40.024649,PUT,/api/articles/1/,49.98,171,0,
2026-05-16T21:32:40.194369,GET,/api/articles/1/,14.04,171,0,
2026-05-16T21:32:41.008446,PUT,/api/articles/1/,46.9,171,0,
2026-05-16T21:32:41.223386,GET,/api/external/,108.29,74,0,
2026-05-16T21:32:41.233204,GET,/api/external/,107.3,74,0,
2026-05-16T21:32:41.361752,GET,/api/articles/1/,13.15,171,0,
2026-05-16T21:32:41.452813,GET,/api/external/,108.02,74,0,
2026-05-16T21:32:41.619681,GET,/api/external/,107.55,74,0,
2026-05-16T21:32:41.762331,GET,/api/articles/1/,16.84,171,0,
2026-05-16T21:32:41.933445,POST,/api/queue/,17.36,68,0,
2026-05-16T21:32:42.417441,PUT,/api/articles/1/,40.05,171,0,
2026-05-16T21:32:42.569548,GET,/api/cache/1/,9.57,171,0,
2026-05-16T21:32:42.627506,GET,/api/cache/1/,9.62,171,0,
2026-05-16T21:32:42.991450,GET,/api/articles/1/,15.96,171,0,
2026-05-16T21:32:43.220564,PUT,/api/articles/1/,48.21,171,0,
2026-05-16T21:32:43.343341,PUT,/api/articles/1/,39.16,171,0,
2026-05-16T21:32:43.376888,GET,/api/cache/1/,9.12,171,0,
2026-05-16T21:32:43.443687,GET,/api/external/,107.4,74,0,
2026-05-16T21:32:43.620985,GET,/api/cache/1/,9.63,171,0,
2026-05-16T21:32:43.729564,GET,/api/articles/1/,13.88,171,0,
2026-05-16T21:32:44.876480,POST,/api/queue/,10.93,68,0,
2026-05-16T21:32:44.912513,POST,/api/queue/,7.73,68,0,
2026-05-16T21:32:45.099974,GET,/api/external/,108.12,74,0,
2026-05-16T21:32:45.149925,PUT,/api/articles/1/,50.98,171,0,
2026-05-16T21:32:45.408304,POST,/api/queue/,8.26,68,0,
2026-05-16T21:32:45.562102,GET,/api/external/,107.51,74,0,
2026-05-16T21:32:45.810538,GET,/api/external/,110.58,74,0,
2026-05-16T21:32:45.828383,GET,/api/cache/1/,9.5,171,0,
2026-05-16T21:32:46.102637,GET,/api/cache/1/,9.23,171,0,
2026-05-16T21:32:46.187032,POST,/api/queue/,8.92,68,0,
2026-05-16T21:32:46.389583,GET,/api/articles/1/,18.18,171,0,
2026-05-16T21:32:46.440910,POST,/api/queue/,8.04,68,0,
2026-05-16T21:32:46.762635,PUT,/api/articles/1/,46.9,171,0,
2026-05-16T21:32:47.401412,POST,/api/queue/,8.98,68,0,
2026-05-16T21:32:47.605346,POST,/api/queue/,7.98,68,0,
2026-05-16T21:32:47.695532,GET,/api/cache/1/,9.52,171,0,
2026-05-16T21:32:47.849576,POST,/api/queue/,7.77,68,0,
2026-05-16T21:32:47.896882,GET,/api/external/,114.87,74,0,
2026-05-16T21:32:48.020738,GET,/api/cache/1/,9.56,171,0,
2026-05-16T21:32:48.061451,GET,/api/articles/1/,14.45,171,0,
2026-05-16T21:32:48.143839,POST,/api/queue/,8.97,68,0,
2026-05-16T21:32:48.457625,POST,/api/queue/,8.76,68,0,
2026-05-16T21:32:48.599444,GET,/api/external/,110.31,74,0,
2026-05-16T21:32:48.834256,PUT,/api/articles/1/,56.04,171,0,
2026-05-16T21:32:49.478200,GET,/api/external/,108.62,73,0,
2026-05-16T21:32:49.584672,PUT,/api/articles/1/,51.99,171,0,
2026-05-16T21:32:49.611475,PUT,/api/articles/1/,53.52,171,0,
2026-05-16T21:32:49.886170,GET,/api/external/,115.11,74,0,
2026-05-16T21:32:50.113063,PUT,/api/articles/1/,48.35,171,0,
2026-05-16T21:32:50.570804,PUT,/api/articles/1/,40.6,171,0,
2026-05-16T21:32:50.609306,PUT,/api/articles/1/,58.24,171,0,
2026-05-16T21:32:50.629148,GET,/api/articles/1/,14.64,171,0,
2026-05-16T21:32:51.063065,POST,/api/queue/,8.92,68,0,
2026-05-16T21:32:51.118303,GET,/api/articles/1/,16.78,171,0,
2026-05-16T21:32:51.153994,PUT,/api/articles/1/,66.28,171,0,
2026-05-16T21:32:51.793024,GET,/api/articles/1/,17.02,171,0,
2026-05-16T21:32:51.859313,GET,/api/external/,108.48,73,0,
2026-05-16T21:32:52.102512,GET,/api/cache/1/,9.32,171,0,
2026-05-16T21:32:52.226693,PUT,/api/articles/1/,54.7,171,0,
2026-05-16T21:32:52.723141,GET,/api/cache/1/,23.56,171,0,
2026-05-16T21:32:52.759640,PUT,/api/articles/1/,56.58,171,0,
2026-05-16T21:32:52.797989,PUT,/api/articles/1/,88.54,171,0,
2026-05-16T21:32:53.012154,GET,/api/external/,107.6,74,0,
2026-05-16T21:32:53.072453,PUT,/api/articles/1/,51.01,171,0,
2026-05-16T21:32:53.225054,POST,/api/queue/,9.06,68,0,
2026-05-16T21:32:53.300466,POST,/api/queue/,8.84,68,0,
2026-05-16T21:32:53.341023,GET,/api/external/,109.55,74,0,
2026-05-16T21:32:53.637935,POST,/api/queue/,8.02,68,0,
2026-05-16T21:32:53.898192,PUT,/api/articles/1/,40.42,171,0,
2026-05-16T21:32:53.926198,GET,/api/cache/1/,11.66,171,0,
2026-05-16T21:32:55.400889,GET,/api/external/,113.38,74,0,
2026-05-16T21:32:55.401309,POST,/api/queue/,17.89,68,0,
2026-05-16T21:32:56.036151,GET,/api/cache/1/,9.99,171,0,
2026-05-16T21:32:56.109596,PUT,/api/articles/1/,55.98,171,0,
2026-05-16T21:32:56.119555,GET,/api/articles/1/,18.89,171,0,
2026-05-16T21:32:56.458432,GET,/api/articles/1/,13.73,171,0,
2026-05-16T21:32:56.539985,PUT,/api/articles/1/,49.28,171,0,
2026-05-16T21:32:56.697941,POST,/api/queue/,9.41,68,0,
2026-05-16T21:32:56.726164,GET,/api/cache/1/,9.74,171,0,
2026-05-16T21:32:56.880771,GET,/api/cache/1/,17.81,171,0,
2026-05-16T21:32:57.157998,POST,/api/queue/,10.75,68,0,
2026-05-16T21:32:57.220781,POST,/api/queue/,8.34,68,0,
2026-05-16T21:32:58.315331,PUT,/api/articles/1/,55.39,171,0,
2026-05-16T21:32:58.629161,PUT,/api/articles/1/,68.32,171,0,
2026-05-16T21:32:58.734958,GET,/api/external/,114.23,74,0,
2026-05-16T21:32:59.100661,GET,/api/articles/1/,31.91,171,0,
2026-05-16T21:32:59.160655,PUT,/api/articles/1/,176.05,171,0,
2026-05-16T21:32:59.341704,GET,/api/external/,114.75,74,0,
2026-05-16T21:32:59.476773,GET,/api/external/,107.68,74,0,
2026-05-16T21:32:59.481131,PUT,/api/articles/1/,427.32,171,0,
2026-05-16T21:32:59.566832,PUT,/api/articles/1/,494.28,171,0,
2026-05-16T21:32:59.863907,GET,/api/external/,109.4,74,0,
2026-05-16T21:33:00.155645,GET,/api/external/,107.99,74,0,
2026-05-16T21:33:00.469079,POST,/api/queue/,10.47,68,0,
2026-05-16T21:33:00.507932,GET,/api/cache/1/,10.56,171,0,
2026-05-16T21:33:00.974218,GET,/api/external/,108.52,74,0,
2026-05-16T21:33:01.765066,GET,/api/cache/1/,9.42,171,0,
2026-05-16T21:33:01.772739,PUT,/api/articles/1/,44.9,171,0,
2026-05-16T21:33:02.087346,GET,/api/cache/1/,9.53,171,0,
2026-05-16T21:33:02.229301,GET,/api/external/,107.6,74,0,
2026-05-16T21:33:02.299009,GET,/api/external/,110.22,74,0,
2026-05-16T21:33:02.337948,PUT,/api/articles/1/,46.89,171,0,
2026-05-16T21:33:02.806952,PUT,/api/articles/1/,46.83,171,0,
2026-05-16T21:33:02.890707,POST,/api/queue/,9.08,68,0,
2026-05-16T21:33:02.984878,POST,/api/queue/,9.96,68,0,
2026-05-16T21:33:03.006353,GET,/api/articles/1/,14.2,171,0,
2026-05-16T21:33:03.153212,GET,/api/external/,107.45,74,0,
2026-05-16T21:33:03.416147,PUT,/api/articles/1/,48.16,171,0,
2026-05-16T21:33:04.026289,GET,/api/cache/1/,9.46,171,0,
2026-05-16T21:33:04.066049,GET,/api/cache/1/,9.19,171,0,
2026-05-16T21:33:04.453761,GET,/api/articles/1/,14.77,171,0,
2026-05-16T21:33:04.662490,POST,/api/queue/,9.09,68,0,
2026-05-16T21:33:04.789456,GET,/api/cache/1/,9.44,171,0,
2026-05-16T21:33:04.877023,GET,/api/articles/1/,13.81,171,0,
2026-05-16T21:33:04.899730,GET,/api/external/,107.89,74,0,
2026-05-16T21:33:05.260955,GET,/api/external/,107.73,74,0,
2026-05-16T21:33:05.476825,POST,/api/queue/,8.97,68,0,
2026-05-16T21:33:05.761271,POST,/api/queue/,11.6,68,0,
2026-05-16T21:33:05.795070,GET,/api/cache/1/,9.48,171,0,
2026-05-16T21:33:05.813938,GET,/api/articles/1/,13.54,171,0,
2026-05-16T21:33:05.895611,PUT,/api/articles/1/,48.35,171,0,
2026-05-16T21:33:06.026748,GET,/api/articles/1/,13.82,171,0,
2026-05-16T21:33:06.100107,GET,/api/external/,108.09,74,0,
2026-05-16T21:33:06.990721,PUT,/api/articles/1/,40.83,171,0,
2026-05-16T21:33:07.133678,PUT,/api/articles/1/,56.1,171,0,
2026-05-16T21:33:07.257267,PUT,/api/articles/1/,48.23,171,0,
2026-05-16T21:33:07.277483,GET,/api/external/,107.42,74,0,
2026-05-16T21:33:07.391378,GET,/api/cache/1/,9.47,171,0,
2026-05-16T21:33:07.841275,GET,/api/articles/1/,29.82,171,0,
2026-05-16T21:33:07.848304,GET,/api/external/,108.83,74,0,
2026-05-16T21:33:07.950693,GET,/api/articles/1/,14.92,171,0,
2026-05-16T21:33:08.103513,POST,/api/queue/,11.77,68,0,
2026-05-16T21:33:08.151825,GET,/api/cache/1/,9.99,171,0,
2026-05-16T21:33:08.811664,PUT,/api/articles/1/,48.32,171,0,
2026-05-16T21:33:08.935269,GET,/api/articles/1/,13.84,171,0,
2026-05-16T21:33:09.289718,GET,/api/cache/1/,9.42,171,0,
2026-05-16T21:33:09.306313,POST,/api/queue/,15.15,68,0,
2026-05-16T21:33:09.623914,POST,/api/queue/,8.89,68,0,
2026-05-16T21:33:09.891173,GET,/api/articles/1/,13.78,171,0,
2026-05-16T21:33:09.916616,GET,/api/external/,108.87,74,0,
2026-05-16T21:33:10.063717,GET,/api/external/,108.67,74,0,
2026-05-16T21:33:10.233629,GET,/api/cache/1/,11.31,171,0,
2026-05-16T21:33:10.302289,GET,/api/external/,115.83,74,0,
